x1,x2,x3,x4,x5,x6,y
0.12871865618158712,0.4534694755635399,0.4548167706033016,-0.47954876534438184,1.0,0.08509796455547514,0.5204672335339273
0.7762647960100035,-0.34277508088533615,0.20873803521211615,-0.987371580278388,-1.0,-1.0,8.548274888704531
-0.4793530612869432,-0.9475226449041173,-0.8687344692623208,0.4846557824909815,1.0,0.8089870297619288,2.4195784396109308
1.0,1.0,1.0,-0.005440923744232773,1.0,-0.5454277890621506,-3.551220322266871
-0.2065338290068488,-1.0,-0.7452028721942223,-0.9047197452540585,0.9752045260888018,-0.0891384581837546,-2.0767610892867996
1.0,1.0,0.3791119077552616,1.0,0.04565847032465825,-0.1711741884108901,0.5315079696948497
-0.5808928478512843,-0.049944303546322066,-0.08938790504471306,-0.778824930648653,-0.8269062952852526,-1.0,0.07860166060920237
-1.0,-0.06260134763894798,-0.7422557928885776,-1.0,0.08556465645049338,-0.30684310637083606,-0.6814593684559661
-1.0,-0.44710672396238227,-0.721021776456965,-1.0,-0.5360901542152385,-1.0,2.587126693430484
-0.47771168965055555,-1.0,-0.24745414855804093,-0.7261354321058813,-0.4734029811421075,-0.758397353844859,1.737965325413568
-1.0,-0.45450896481281816,-1.0,-0.3231771808159857,-0.6725750179251798,0.8388273059919608,1.7999704629047453
-0.02898506817563984,-0.14752836240890121,-1.0,-1.0,1.0,1.0,5.817602469730829
-0.017445311876844283,1.0,0.40750545674853966,0.9113135619320992,-1.0,-0.9041424826887196,3.6724893329819372
-1.0,-1.0,-0.1778055060141901,-0.4282046825645536,-0.8950676537585924,-1.0,1.3918979489499848
-0.002427595822542483,-0.40241005527493146,-0.5254441190133415,0.19371230364043304,-0.2928425461106069,0.19844743683970506,0.09047844135722231
-0.5571256191219509,-1.0,-1.0,0.20246058150724777,0.21611736737304665,-0.9656928524419489,2.06384828928308
0.36862720337742405,-1.0,0.19879782907581,0.3330278898634022,-1.0,-0.7478095698308431,4.763745640861466
1.0,0.9624247818768952,0.7220614876968261,0.5001583873835063,1.0,1.0,-3.936610178861423
-0.43087580787640345,-1.0,-1.0,-0.7232952537826156,1.0,1.0,0.5427673556507906
-0.4542150156300474,0.6262071378010805,1.0,-0.677541257557549,1.0,1.0,-0.18613369662320678
0.611070710878215,-0.5324921328313531,-0.9424120872769745,-0.22839881532033146,-0.3382208483899031,0.27205241852640816,-0.15304457156927542
-1.0,-1.0,-1.0,-1.0,-1.0,-1.0,4.482661883787693
0.3767163566185364,0.617371721530424,1.0,1.0,1.0,0.28174749736704596,-3.982481665375971
-0.25414937286601513,-0.05732068855665373,-0.2946960546016104,-0.916985036876943,-1.0,-0.8607561180662424,1.7753478158544516
0.4547273299960388,0.3719083495978326,-0.6609141893685463,-0.17637295495618088,-0.8668864644011806,-0.06722699797834053,1.4499765353228957
0.325828226067576,0.4487851452003454,-0.43855062475094053,0.5962636262954091,1.0,0.2723590221946619,0.03491885184691906
1.0,0.9424772232452898,0.9162670695614845,-0.7818358605864821,0.5907517945484436,1.0,-1.8459891502485821
0.03175264182670609,-0.6652118529309329,0.40617733772727577,-0.4001952355455208,0.5912567707463058,-0.14904275096922137,0.3814443978703026
-1.0,-0.2648453454870442,-1.0,-1.0,0.04555124269880739,0.4731079415013307,-1.247321273561419
-1.0,-0.9955368462703237,-0.6960768291442607,-1.0,0.5720822014185587,0.80651366200238,-3.4422192669837517
-0.17752343802473086,1.0,1.0,0.08413389839892993,0.8311749720199044,1.0,-1.8849990420757146
1.0,1.0,0.17142930286073566,0.8775290334232431,-1.0,0.17604751175107747,4.773009468978592
0.1883039849709977,-1.0,-0.9592133838547718,-0.03750271296157448,-1.0,-1.0,1.3537504170313768
1.0,-0.11988342534250829,0.48889256046166607,0.70460467995762,0.2059203119758315,-1.0,4.122473417942971
0.4686021269503674,1.0,-0.70544326551565,1.0,-1.0,-0.2883722993508606,5.581855707553367
0.9464207149897195,0.5181720920960597,1.0,1.0,-0.2430378762619316,-0.21758190327585258,0.7505441172462556
0.18166819932376638,0.7113972136343197,0.12481467051210582,0.037179945847386486,1.0,-0.8419752804672597,1.4642485301307593
0.3115018418444546,-0.22579951551579688,-0.5337658906946185,-1.0,-1.0,-0.5796537716458279,3.4443328928045944
-0.8234740867606948,-0.03305899236894588,0.4539251851108028,0.07323449556857697,0.21837471054748933,0.554977792287297,-0.21196585064786627
0.5737135233032911,-0.948276858540519,0.07353462285420154,-0.18383777619895192,-1.0,-0.54341876416933,5.303822310958418
0.29406472043599163,0.35889191921598457,-0.7302393964715757,0.31944175748990933,0.6322899933091117,0.3930899489472448,0.15726342329838744
-0.25002426608430217,1.0,1.0,1.0,0.7370748071878982,0.4189711941943548,-6.250054020869281
0.3849309027873937,0.5458852659474502,-0.03310974806781375,1.0,-1.0,-1.0,6.715367461668287
-1.0,-0.34215344202622633,-0.5009368222847639,-1.0,0.3977489872925175,-0.7634211524768115,3.2435389091951365
0.23611736681500517,0.7699751467274125,1.0,1.0,0.27400391697750226,0.9967829525789456,-4.762802929403418
-0.49402197078954535,0.8011205582407291,0.37134607334522596,-1.0,-1.0,-0.48772404781428214,1.0466716684708657
-0.345457676666842,-1.0,-1.0,-1.0,0.20504762516298358,1.0,-0.56861055899154
-1.0,-0.0046866297576373395,-0.719937200750123,-0.24206544498812987,-0.13292339749079418,0.7647147174680112,1.6443026192843815
0.025667230511313477,0.09176874526683343,1.0,0.8742227543173651,-0.23119887728632915,-0.4660431806624932,0.17956007863370535
-0.3476568101642967,-1.0,-1.0,-0.6883920562857058,0.5926505117965876,0.10130813240191872,-4.224403696664208
-0.5385918333645413,-0.5842953564081199,0.194093168407831,0.03976776705578444,-1.0,-1.0,0.7593153373801727
-0.239907069852865,0.5601179301347226,-0.6960889732931228,0.4454316102981654,-1.0,-1.0,1.0138428106765318
-0.6704727840938247,-0.6566494425513871,0.23715451139959826,-0.21763137347269423,0.6217277655684317,0.707085945997592,1.4365704982969878
1.0,0.3659157093853781,-0.33256634967022847,-0.3834784708060174,0.9034414155079962,1.0,1.1063741118026027
1.0,0.05400791845643327,1.0,0.422660073300529,1.0,0.6511970121358239,-6.040453661026916
-1.0,-0.5000993111470136,-1.0,-0.156514737692929,1.0,0.02253472532908299,-1.855912521939963
1.0,0.7495444711283485,0.9349581654061814,1.0,0.8664925005081426,1.0,-7.736150598753724
-0.8435847763488699,-0.11379252239156379,-1.0,-1.0,0.5747154678801203,0.620261489578479,1.7748205290487968
0.3775402165923817,0.31585831757450344,-0.4710294127086798,0.21392554485410445,1.0,1.0,4.7701504881503425
0.19088759550468892,0.6156810907238166,0.1876333982050974,0.34565492350099436,0.8922511053762058,0.5434753316325851,0.6502319272959839
-1.0,0.17492616531920752,-0.28645287818346027,-0.04610169583527535,-0.8528420789484767,0.9014424030856089,-0.15482511723695946
0.8154161332035821,1.0,0.8193069625552627,0.9061961607131996,1.0,-0.5506761117355599,-4.047774870918122
1.0,-0.1843421155628957,0.40584827086565534,1.0,-0.33248715231272685,-0.5367274953963357,3.219915105455798
-1.0,-1.0,-0.9084568107371455,-1.0,-0.25556749778670573,-0.40418633764168765,-4.146705288933553
-0.5518615287149449,-0.668578918883759,0.05840990444948502,-1.0,-1.0,0.54848267165897,1.8299579356644478
0.9890199565925442,-0.2860033184569075,0.522485434433416,0.5814421513027718,-1.0,-0.3254764304509665,4.926382175179413
-0.6872781353956581,0.35172555141516115,-0.8479648494912466,-0.7734672295988683,-0.6715532994674218,-0.09504819150090726,-1.5811938090190922
1.0,0.4092881353406521,0.26632810825329245,1.0,-0.562956255846994,1.0,4.4760769323052605
-0.12488979248362636,0.18938612871534233,0.1017503072590934,-1.0,1.0,0.23580048867614395,2.244207482553452
-0.54836600770962,-0.4437917876965831,-1.0,-0.11821858590878587,-0.053168692533420825,0.09807143485996242,-1.1768376541494385
1.0,0.0009487841268346038,0.5869153726898024,1.0,0.2792793186501086,-0.2383228361661175,-0.3850417928306943
0.8752689750179,-0.5916025581761304,-0.8595715989052493,-1.0,0.4251206690441553,1.0,-0.5114070246675058
-0.07420435026148198,-0.3344364381354583,-1.0,0.4836358226607728,0.6639466461727039,0.6481878787014559,2.314886905428555
0.29306962454537655,-0.18651033016020346,1.0,0.4304663457800538,-0.24616141196244845,0.26989217431956847,-0.19218646985347548
-0.8648694533909693,0.49728519732126264,0.8817487705185758,-0.05122200675379007,-0.33200784332703215,0.3228247483361505,-2.543760116459576
-0.5687687023474622,-0.1989920619583192,-0.8061574534866788,-0.21306560378792339,-0.21483142725753596,0.2820303209391664,0.15206888208870878
0.4761855073406286,1.0,1.0,0.370878871637923,0.16532684927355387,-0.45185901209100165,-2.3457846230521895
0.261441384343213,0.1378597734921498,-0.24947412542185943,-0.009515306308498894,0.4228138912968347,-0.8176126073459952,1.1516724175226951
0.566592679197905,-1.0,-0.1846465331990937,-0.2692348456369217,1.0,0.3447572565745729,-2.4319772656584444
-1.0,-0.8436299794946116,-1.0,-1.0,0.4491105542418401,-0.32761420595756524,-4.524156138882054
0.19735774373723808,-0.45080787826681984,-0.475534279407467,0.20294599978930994,-1.0,0.2391994913519293,2.0197233554195035
-1.0,-0.9376829069774784,-1.0,-0.7725891051039334,1.0,0.08990663513571517,-5.669987486429296
1.0,1.0,-0.6865078634282068,1.0,1.0,0.2836436091739005,-1.6739515702664527
0.2014745500130768,0.8411453461839571,1.0,0.27378625551126556,0.3077345802512055,-1.0,-0.40821125382236584
-0.624939238048546,-0.014441342578894512,0.0819643326611762,0.38131057841691574,1.0,1.0,5.537317067830319
-1.0,-0.3066743076423193,0.1870714500695616,-0.22049700437825906,0.55131134009673,0.30374314432335314,0.87514630403466
1.0,0.07805248451542735,0.8440519218922558,1.0,1.0,1.0,-3.007240337790352
-1.0,-1.0,-0.9394063136658783,-1.0,0.557485921531793,1.0,-3.1312205065419203
-0.9147379987360934,-1.0,-1.0,-0.5053759018309747,-0.4652315790699101,-0.6926170227770149,-1.0039201117945584
0.9065511781355879,0.8816067050478276,1.0,1.0,1.0,0.721113100931001,-8.520525388020456
-1.0,-0.23954478434340043,-0.7352166213815132,0.582576660763966,0.513190075674967,0.43492953652279376,1.2418983186080217
-0.6778885462916597,-1.0,-0.035674516652285826,-1.0,0.9223044850135644,1.0,1.2127762890816267
-0.4773717337591914,0.45471043713547066,-0.08815751999767785,0.9184275714818382,-1.0,-1.0,1.6081183521395488
-1.0,-0.5294355602595835,-0.09665196607645887,0.15821286634558823,1.0,1.0,5.787734062490341
1.0,0.6940895813202163,0.7360402790853935,-1.0,-0.05820423293649868,0.8134831943595069,0.4274003960233139
-1.0,-1.0,-0.3546001881843518,-1.0,-0.5560933766482152,0.4718088079267182,-3.229302628322369
-0.23498745916062402,-1.0,0.3900667457255751,-0.9486816949090351,-0.36253444686386094,-0.3273367223230866,2.8435436826595937
-0.15701760613815924,-0.46890531782962336,0.0030022709863207764,0.08225475938686203,0.3286615651454572,0.3699498190732893,-0.42145603334397397
-1.0,-0.5128964399868885,-1.0,-0.7825755403647654,0.26123646196135397,-0.43154427699005804,-0.9195051017671467
-0.14532225376109076,1.0,0.7360478107405612,0.3792030033646842,0.6947157170311218,1.0,-0.5269444984785372
0.4681184965919941,-0.018113805977390873,-0.7708622811509822,-0.06776266011165005,-1.0,-0.3196587719997605,0.5917045051986343
-1.0,-1.0,-1.0,-1.0,-0.7559627527611943,-0.28308716675787227,-3.2165274897890477
-0.04938775347310331,-0.7593439879676973,0.05529317058799299,0.4222439771722369,-1.0,-0.6175998163411553,1.57629800443472
-0.24753864704794248,0.9182833160089974,0.9139078377251248,-0.4239350571704014,0.16190275293652467,1.0,-0.6917429049251829
1.0,-0.5647591354676337,0.49104226627508385,0.05987739126083097,-1.0,-0.017230883446995304,3.806134224471211
1.0,0.06214296132327757,1.0,0.8130689071325328,0.9900298561771166,1.0,-5.991781585249085
-0.2358919726446389,-0.2580968040571541,-1.0,-0.07247036614349173,-0.8796063515817243,-0.8313790398824518,0.4715390579203998
0.48520595331613503,-0.1809017429052049,-1.0,0.41676513863229037,-0.6789159074113146,1.0,6.772612792983622
0.2474889402769025,1.0,1.0,-0.6017300089790727,-0.42820506032767724,-0.012646223841638035,-2.549145985698508
-0.0624767815066819,0.23399890827545633,0.5525524938753524,0.7775163410305818,0.295369972751811,-0.00789853149295805,-0.6192620756386525
-0.22383130571046742,-0.23536799882231718,0.8931685000415187,0.08628331635908315,0.5984252868672227,-0.49456655459823384,0.647263626679078
1.0,0.9858903401742511,0.5087502052369642,0.5024134589443745,0.7583584469372479,0.2830609243714942,-2.4483114673129496
-0.29500763101949257,-0.9560197596324882,-1.0,-1.0,-1.0,-1.0,4.794937018208809
0.23669156210854136,-1.0,-0.8953078819795385,0.44205905634869685,0.15808927751654256,-0.07245174182679548,-2.4851467915274603
-1.0,-1.0,-1.0,0.11033210470708849,-1.0,-0.3896324192580298,-5.228404397419559
-0.0033619108583961,0.08932084630189441,-0.4976736530951819,0.3932254041967794,-0.8376132634972338,-0.5642101967596977,-0.14974058107614216
0.4684934404279726,0.3438596269714701,1.0,0.7776397528482322,-0.31422291514266787,-0.636741152724813,1.67109182683792
0.22382554897161655,-0.6700744046698319,1.0,-0.022753815833564783,-1.0,0.5138339555163609,-0.33053921310075796
1.0,-0.1585139832365765,0.37464915742197585,1.0,-1.0,-0.0598249753365111,4.084473543484401
1.0,0.8139755263684318,1.0,1.0,-0.9515694558079317,-0.5341713592697095,6.117305464451305
0.2634258432371571,0.27483589933435026,-0.6039526467770645,-0.960335421318576,0.32391814389779267,0.27905257656303883,0.4724030363638443
-1.0,-0.29386148020685127,0.3931572678553046,-0.0025198595995972184,-1.0,-0.017644286402492937,-2.8507516538702204
-1.0,-0.4724999154513556,-1.0,-1.0,-0.8760344953680217,0.13641702613369383,-2.2519918666736025
0.2200499319340408,-0.785030889481673,-0.1775430416084024,-0.0924744373382047,-0.08947027717372835,-0.4599244097680213,1.1165543136721203
-0.7733841540380644,0.40242138208032563,-1.0,0.46956489860462414,-0.8117395131313617,-0.19269325348397753,-1.2793915259686193
-1.0,0.23108314536088825,0.5217201341625666,-0.274488056861591,-0.6750080434527117,-0.12429825025329436,-0.4615928982483797
-0.8741606973263283,-1.0,-1.0,-0.42524236668830717,1.0,0.12195674483208707,-4.496437276293968
-1.0,-1.0,-1.0,-1.0,0.34785879522068297,0.8228467350602955,-4.476326414865078
0.9091270616470877,0.7860642351363256,0.35781675420085757,1.0,-0.323489886880314,0.15806578814974964,0.9571939714375735
0.5859512314870572,1.0,0.5483768795404522,0.23026018844906943,0.1409084012535692,-0.0008482387384866064,-1.7603394490267001
1.0,1.0,0.8170822624747438,1.0,-0.8296782082349624,-0.7847977062016506,6.9848843819553075
0.7313202941423327,-0.19774656310751337,0.4619864763454576,0.12957730178321203,0.163618925175524,-0.04279586702447391,-0.714846450730426
0.6057396395313892,-0.9108884818420544,-0.3520957925705309,0.18185275259297956,-0.03177520447596349,-0.010504368744842618,-1.0341506062093695
0.29751163933435254,-0.7852106995977288,-0.2169212634208213,0.7107837213438879,-0.35389853005646077,-0.7302720608841629,0.9006816133631889
0.08488645949822027,0.5355692624361965,0.219300772028855,-0.08874249084338243,1.0,-1.0,1.861938907597931
0.0661120178847471,-0.5861602370651744,-0.6045092068527609,0.4108751669392236,-0.6515661516654796,0.22417214725595436,0.6472755380923504
-1.0,-1.0,0.618078235230228,0.042946317608916276,1.0,1.0,3.344350273766352
-0.04323593953249594,-1.0,1.0,-0.8296689441388776,1.0,1.0,-3.901564991690166
1.0,1.0,0.3463371127304739,1.0,1.0,-0.8640232664946484,-0.6790743763571642
1.0,0.5462777922190649,1.0,1.0,0.23421007865105878,0.36844416671954466,-3.0183059534937597
0.26819664222307144,-1.0,0.37760632279780526,0.6943328656725409,0.34741291572299526,0.6775841178726965,1.3029179328768308
-0.30421476259418323,0.39596475110329776,0.06095481332204067,1.0,-0.8248787757597409,-0.45223383328538747,0.8371323216951897
0.5378729834504145,-0.5192248072358252,0.6460744317057694,-0.03497581717393483,-1.0,0.5204360675086803,2.042758979189373
-0.730965872019445,-1.0,-0.7735637131686766,-1.0,-0.14461805254901106,-0.2833965995137062,-3.5310791670011823
0.4387633561115064,0.0279391164721825,-0.6391745772562092,-0.01118680784248055,0.576517482060673,0.1016296868476077,-0.805871278260706
-0.014236141174772898,-0.39842285775725705,-1.0,-1.0,-1.0,0.6792896270965357,3.0998450483867606
0.18846848490634982,0.7827426306699663,1.0,0.05984580109858584,-0.429465727540232,0.057449802233747294,-1.5580253145632612
0.9737848404446333,0.104276170477558,-0.6722829676614523,-0.37618881134107146,-0.27537185785162543,-0.2367500764571516,0.45836002831953737
0.28653367584182216,-0.5616037977991128,0.8142196060326095,0.27324554944893864,0.7310293198540319,0.35674888538889427,-0.9675957879062106
-0.8435243131385253,-1.0,-0.8658597779949502,-1.0,-0.7881427587610056,-0.6963647442824268,1.047241124746936
0.6431222755308972,0.7658137188958556,1.0,0.3953053665162991,-0.005420018099035473,0.3527096966024206,-2.0609488535530467
0.0015048446586409803,-0.11179850270532077,0.5530714356457378,1.0,0.8919611559330554,0.22056690461112655,-0.3490428071078453
0.028057312396388423,0.8796635195462565,-0.12982793625959438,0.7518770770161973,-1.0,-0.6185307494553189,2.7718257782012836
-1.0,0.1878432085299777,0.34452204169725587,0.01602252667141546,-1.0,-0.4967969631981426,-1.6065670397750655
-1.0,-1.0,-1.0,-0.7293601966934767,0.764295827947415,0.22392185054802788,-6.195798948000295
0.1028347897024594,-1.0,-1.0,-0.5675434655664076,-0.8512532200012408,-0.1486685703642956,-0.6119989025036936
-1.0,-1.0,-0.3512996501173642,-0.17965490927702144,0.9932625577887563,-0.6426267894717574,4.142151443892824
1.0,1.0,0.9824405690939322,1.0,-0.9194827266038952,-0.9597404250015179,8.295957133994884
-0.3594759795920188,-0.21651369237820728,-1.0,0.022370135043101452,0.0012779331996798926,0.27882943692877993,1.143827961435751
1.0,0.5708618939247898,1.0,-0.3885892187046531,0.7420266247677746,0.559410295240312,-2.569380990421976
-1.0,0.5851809227018786,-1.0,-0.41144016515371373,1.0,1.0,11.579632056558278
1.0,1.0,0.44228380271865175,0.16767402893707262,-1.0,-0.8552014575964203,5.980978780876883
0.5424981108287129,-1.0,-0.9671331475943328,-0.6484555123462213,-0.7050335794738564,-0.004495964319118029,1.1176720339710096
-0.6435100412597248,-0.6282709928568098,-0.8664052899037111,-0.08313484843173713,1.0,-0.7730288193502859,1.9029891644799248
-0.6078914882846045,-0.7176941584539865,1.0,-0.32215260199127826,-0.1416963039284614,1.0,-1.7879348053277186
-0.56416916514188,-1.0,-1.0,-0.04277949521132102,-0.15012841756943726,-0.3627247263760513,-2.8367165589727796
-0.71495582431221,-0.32703383158487287,-0.019198207432916337,-0.1600789146392259,-0.3144803779288823,0.03208037174617984,-1.3684632180077052
0.7261244670218008,0.8048693913323122,0.5550815721323723,0.9433917713735287,-0.5501996767359139,-0.669142152064605,3.645153716369572
-0.2259519503322489,-1.0,-0.06348410053276776,-1.0,0.06425451615366412,0.3463532559889495,-1.1051153211779141
0.5445058336030709,0.23610667835234206,0.6685329666314727,1.0,0.5906461499815907,1.0,0.637009745495928
-0.25977681130858943,-1.0,-0.6126939047675384,-1.0,0.8705281287311042,0.6621953385585007,-2.2554140206223785
-0.41862970073324457,-0.07641777818847695,-1.0,-0.5693471516243089,0.7381133623480103,0.7712481312274432,4.4674132329977345
0.3535601678360521,-0.07477509164699331,-0.5013823036168732,-0.07606831865849761,0.5220993546615926,0.6042534824198761,0.16291245933664777
-0.8975884566502457,-1.0,-1.0,-0.5615495744598029,-0.8955797516479342,0.7196813768328572,-1.707637675457356
-1.0,-0.6712126770329707,-0.6036465146829675,-1.0,1.0,0.8887914528362189,3.0957903900672123
-0.9551719630655344,-0.6946225292959651,-1.0,-0.16375222476868256,0.465628387504896,-0.19674033330435092,-1.269793883324148
0.5516078707667258,-0.9167252300523561,1.0,1.0,-0.09529795044020095,0.7018147468054949,0.7986172522985938
-0.8907025437372249,0.7792121144555398,-0.37292365293577084,-0.033323359627414506,0.6384279519323992,-1.0,5.58081664947762
-1.0,0.25253924821228546,-0.835102520639888,-1.0,0.48748798545148164,1.0,6.106371778896688
0.5637558153261992,0.4548059383092973,0.3229158970277589,1.0,0.3975997826872302,0.7887779408126611,0.42106486013490774
1.0,0.13079149730074535,0.08813281922095517,1.0,-0.16808041301040688,0.41917189482723405,0.632651099209923
-0.5892269282194509,-0.2606435737789085,1.0,1.0,1.0,1.0,-0.2612329106194671
-1.0,-1.0,0.853585225105729,-1.0,-0.3337817369218784,-0.18785118597232658,0.9626027655792041
-0.21413943463803511,-0.3187861954073107,0.833437619760227,0.9361120563568707,0.021941938747913947,0.8086762015829903,-1.4761235061591966
1.0,-0.21130380255225972,0.46821648778367964,0.765999081062761,0.14373079414627027,-0.23815675140694192,-0.5490764353385242
1.0,0.10940444351296294,0.12156653225662095,1.0,-0.011039908212972918,0.25086931872986395,0.36950653726043325
0.8535129829161486,0.25171366369269377,-1.0,0.21515666717175885,-1.0,-0.8633986130624903,4.204184255256331
0.6561778540059924,-0.7924955245671967,0.6477474424848495,-0.4559536428441227,0.4538278927597619,1.0,-1.2741695305772514
0.9209694995091389,1.0,0.6881326322877571,1.0,-1.0,-0.02117748394406513,4.310154308387748
0.938991640678505,1.0,0.5990988873030356,1.0,-0.9002268265526842,-0.025623496848852734,3.680984415955394
1.0,0.09486348630356811,1.0,0.749542699347355,-1.0,-0.5698881741054468,6.651541166862001
1.0,0.3458980704979373,1.0,1.0,-0.554695642600306,-0.6927266632689375,4.689886410407593
-0.0923315529384719,-1.0,-0.7108818390874172,1.0,0.16845363881427305,0.07750948454953299,-1.981188896030774
1.0,0.8826693190477747,-0.4059033632254433,0.8275939053050344,-0.3776229209683274,0.28696852114042914,2.2766987745749425
0.24345807370682782,0.39885369353012634,-0.6802513771165888,0.4989467814189439,1.0,1.0,6.054250177766166
-0.39668641986195724,-0.5784377337701534,0.28152989556441765,0.3895057161837636,0.14139040991906088,0.5838882848996678,-0.39037078891104493
1.0,0.09688257590640736,0.6908956088485525,-0.40813491873012514,-1.0,-0.7287898345388628,6.719467153355222
1.0,1.0,1.0,1.0,-0.293783242112426,-0.6115262037568152,1.5163247429866784
0.6350215877583224,0.9006814450996432,0.08843692467269815,0.18624689956609664,1.0,1.0,2.4721771814225146
-0.6109681787413229,-1.0,-1.0,-1.0,-0.7722587557333666,-0.20348929879946365,-1.8842088827901977
1.0,0.12663536088355576,1.0,0.47563807860377083,-1.0,-1.0,7.289045192434126
1.0,1.0,1.0,0.8405481298669022,0.02113157478150779,-0.39307032862050845,-1.8550553115837203
0.7697144895132317,0.1308566034857659,1.0,0.6549017867028801,0.06577672393140735,-1.0,1.901401367024444
0.22711619391410431,-0.8537816790947329,0.01837137458707666,-0.5832732705898277,-1.0,0.2169006082896079,3.102770942060074
-1.0,-0.10904723179627807,-1.0,-1.0,-1.0,-0.623776710068903,-0.5084620315698125
-0.45283894453486584,-0.24280224352020083,0.16559341311641512,0.15358393759681904,0.18913351949511736,-0.4852293229029241,1.3161759457555642
-0.11150495135828808,-0.6618101455677514,-0.33316454872960805,-0.1271082344277144,0.8066993620642783,-0.673949065389224,1.6685451589930267
-0.9494172746361107,-1.0,-0.5100018195619613,-1.0,1.0,1.0,1.6665993062167552
1.0,1.0,0.693251294889103,1.0,1.0,0.6645720028593747,-6.257009956703308
0.5675121513547791,1.0,0.37499922277101405,0.7464525460849879,0.41438095079351744,0.37595362223596673,-2.0087421069332922
0.08547159757728806,0.4753694645864781,1.0,-0.21202857117188034,0.12654894790180152,0.8194680815823403,-0.022556550617230164
-1.0,0.6209367607592563,-0.14538332095269135,-0.35232182332378115,0.11475734206641997,-0.2166147063755509,-0.26026715833177416
0.5995811014799619,0.7193396975954269,1.0,1.0,0.21385295327115583,0.14377718451084642,-2.26012205005774
1.0,1.0,1.0,0.24307992910141318,0.14629907516012042,-1.0,-0.5630385569409562
0.259775202585659,0.07417907742105889,0.3183301745496774,-0.5664782545371283,-0.06296803780661109,-0.379306387560454,0.8122946775069757
0.3816353689175675,-0.3729242108074686,-1.0,-1.0,-0.5063707366589121,-0.03470052733036859,0.5009206621211315
0.8923561945260934,1.0,-1.0,0.20188407523604457,0.855927871312772,-0.9146705241683237,-0.4278052206253734
0.042463423896089814,-1.0,0.11861872099944815,0.0333855926276172,-0.8538315441377229,-1.0,4.138633792771035
-0.7577919957406343,0.6004950207215943,0.9331827370045745,1.0,-0.04111035965345122,-0.36685748079033065,-1.4508848107144696
-0.09953807486707744,-0.13258210353751432,-0.9704299819017164,-0.8587097684853185,0.12608443255282764,-0.040275647171156906,-0.9369167655064421
0.2014588526116179,1.0,-0.2099405338397234,0.5985532908459348,0.17113275175560372,1.0,3.390957062400002
-0.14769412876143093,0.7704399495075929,-0.1292525496541661,-0.40449519110427035,-1.0,-0.7024613991183802,-0.9725333226608461
0.5796928222332391,0.8035137926887523,-0.6671600489071053,1.0,-0.4495714003263305,-1.0,5.839682336192832
0.5510140144654608,-0.10107816055461472,-0.7757074868412944,-0.2832110661503293,-1.0,-0.8376156963903771,2.0203316689549218
1.0,0.9970551938933814,0.11162174729075436,1.0,-0.0658161703421823,0.9710093791398074,2.981219432007762
0.6302425730554286,1.0,0.8921498116496174,0.2630823831496627,1.0,1.0,-2.6686287564945186
0.10453627428944334,0.6468685973826893,1.0,1.0,1.0,0.20250322247924535,-3.5966499152537876
-1.0,-1.0,-0.7578045897009209,-0.20788224568899888,1.0,0.6742006147535431,-0.2340671675617405
-1.0,-1.0,-1.0,-1.0,0.5961622919311977,0.6955897501091345,-4.983556920363879
0.04412583102060863,0.23049564607526463,0.08081879775022116,0.0008782027461750053,-1.0,-1.0,1.3268982171020334
-0.8067512453483636,-0.18658520490125835,-0.18830912864936294,-0.7200020012522955,-1.0,-0.10391593047974657,-1.0726993900328212
-0.24357752993441262,1.0,0.4533192563985704,-0.772099822713189,0.09700634981923972,-1.0,-1.104588341866991
0.6035562119932811,0.41250125644734026,-1.0,0.19878178382529682,-0.39123630865923387,-0.3421640204258244,0.16921446808655316
-0.33231088774111706,-1.0,0.11801617107096839,-0.7031248480940139,-0.14583845527487604,-0.3139328717538177,1.0617950036104427
-1.0,-0.7032281708926936,-0.4925512505409597,-0.7532640593591975,1.0,0.6792315337030312,1.4385484198175509
-0.012219503824663303,-0.8741337431358318,-0.5304453161980458,-0.21294959193739613,1.0,-0.22298574689605866,-0.7605963674474895
-1.0,-0.36967046300141804,-0.42041913808434334,-1.0,0.1433355939551878,-0.4387485787319564,0.1927372455111399
-0.41286896132991924,0.7843018482583353,0.18937177205222816,-1.0,-1.0,-0.2409721744651001,1.4127994857454578
0.43438827712487593,0.36012358368112596,0.3084163572297467,-0.13988071513331551,-0.5893683330047048,-1.0,3.905331521207625
-1.0,-1.0,-0.6484534229361827,-1.0,-1.0,0.05135280262647973,-0.9068098349612655
1.0,0.8575523101008506,0.7983182782076235,1.0,-0.6487615493315326,-0.8935916422327768,7.383949584537854
-1.0,0.5163868382204075,-1.0,-1.0,-1.0,0.04639731100824207,-1.1711808665184438
0.7704764528632566,1.0,-0.9001485604494937,-0.6514911586781924,-1.0,0.33054371609091016,7.512042840393683
-1.0,-0.9257817313112886,-0.18345899815773703,-1.0,0.04983389684849718,0.32277024086137024,-2.4737600010297536
-0.2117091281826231,-0.05600035389632452,0.26578163513510245,-0.4885740304018589,0.15092741235787294,0.8074863472768564,0.2963893593254098
0.3606247695643978,0.8414379095072708,1.0,1.0,0.8136081320198075,1.0,-5.760394138058934
1.0,0.35627249409625605,0.8451518695635847,1.0,-1.0,0.7773195051347597,3.003409548155734
-0.6886769898091052,-1.0,0.76925611389307,-0.32206759111283983,-1.0,-0.9059322972787376,3.552076356383186
-1.0,-0.32627474256138206,-0.4552227490215809,-1.0,0.5197423449617284,0.8193013339187014,2.394043155468128
-0.9784472808064548,-0.3123913015746054,-1.0,-0.4667013528790558,0.9558965918552992,-0.9978350370349272,5.816434904039843
0.0015960949011550873,0.1202343025109276,1.0,0.5507749144299577,-1.0,0.9261837471856132,-2.1568411414983286
-1.0,-1.0,-1.0,-1.0,-1.0,-1.0,5.133145882650466
0.4552052282196257,0.8398177532840763,1.0,1.0,-0.0764019965306395,-0.5179481084657325,-1.703317283293125
0.5073876307229966,0.24524549255758954,-0.7161998510338021,0.4742605876595247,0.8438626901515901,0.9849635780153593,3.5406222875478193
1.0,1.0,0.48803207598097287,0.9710263492192093,-0.2783211587733454,0.5954526977080697,-0.06148430558836182
1.0,-0.3783212230766396,0.6156929695273248,0.8950670709306058,0.4199696719371709,-0.6310962675241356,1.6926909611510559
1.0,-0.2906836653378255,0.6459045569462504,-0.034427384722739485,0.44778482413393994,1.0,-1.4656085981937506
-1.0,-0.9102882724403747,-0.13486444996684133,-1.0,-0.43322582211811056,-1.0,3.8357642442469366
1.0,1.0,0.9846146294195766,1.0,0.27913298290277,0.4378330551841594,-4.86413021136358
0.5931320223554308,-0.019668238456150622,0.8465257993241412,1.0,-0.02978250106455327,-0.974535111011246,2.4893511034093567
-0.7620797502840724,0.4285210330383905,0.1665930478837616,0.2739159967239141,0.04277278771265719,-1.0,2.2164532157834307
-0.03663871032766364,-0.4832111112296175,-0.26426445180172586,-1.0,-0.2435830914604875,0.5389186832189722,1.0127229467596985
0.06754718215392252,0.4926806168088673,0.45612723012034084,0.3533412803471958,0.017694889573285577,0.49842923571042835,0.6213063111847634
-1.0,-1.0,-1.0,-0.16856135269498917,0.4026419413561583,1.0,2.2252802453740292
0.19676000123342804,0.27952621304741176,0.2727583246038382,-0.04065922507736208,0.8572424370177093,0.8862669845693119,2.0690180523966406
-1.0,-1.0,-0.7249635619101819,-0.8649652462180697,0.6026363246462341,-0.33163628137683987,-2.1274962240807636
-0.3456631570669676,-1.0,-0.6240842268422258,-0.723863003473068,0.3522345284212148,1.0,0.1719167064510683
-1.0,-0.4818604806097294,-0.7450466315387957,-1.0,-0.418733184140301,0.39119247639751087,-2.258491100243557
-1.0,-0.6400280009163142,-1.0,-0.775437470667867,-0.12606443185011623,-0.24354356635773555,-2.4572710473139256
-1.0,-1.0,-0.7103465101885197,0.566243008824731,-0.6401769000307354,0.015276919442879289,-4.270738323013103
-0.519485117098343,-0.6873446377634385,-0.29816197439060743,-0.36808405316976156,0.0942711326687754,-1.0,3.913974079241673
1.0,0.012845010711268562,-0.23019221447649948,1.0,1.0,1.0,1.8773338570458387
-0.892795689432566,-0.6718644315171882,-1.0,-0.9546232126988423,0.9078101252356745,1.0,3.291443445593135
0.6742675767236357,1.0,-0.30483272338979506,-0.5367602151639642,-1.0,0.1005174940664169,4.00572475719439
1.0,0.964039123990341,-1.0,0.2757336157278487,0.23622935116273558,-0.08380626929251944,0.8864227749034908
-1.0,0.00022375377658850892,0.5869582965258736,-0.2364907287796088,-0.058095462668284026,-1.0,3.7921686479183903
-0.9276301828414448,-0.03932521356096241,-0.19607573153565633,-0.7030387710986327,-0.16854921456946823,0.19071862107825233,-0.8774178508669972
-1.0,-0.2950985498499441,-1.0,-1.0,1.0,0.9480527203865714,6.262103905215126
-0.037101721233042895,-0.8126807057171852,0.15100716735819142,-0.9454215001379829,0.7576604390659021,0.9905840103718258,1.1495980165262272
0.54155542605992,-1.0,-1.0,0.22208314660228085,-0.2593286449711383,-0.5940492445393566,-1.3549187580576345
0.6277331632153706,0.7978724029119062,0.37448861284781154,0.07388132234847167,-0.8530213851909219,-1.0,3.782519700620118
0.7211074605545703,1.0,1.0,1.0,-0.30433378634273967,-0.05866920936292276,-0.2812379141695108
-0.0015802689151684923,1.0,1.0,0.6454160950568715,-1.0,-0.7774848897392885,-0.9398375157764518
1.0,0.22173253652232605,0.013248877197068243,0.08033204617602085,0.1849600252580722,-0.9633294430195256,3.6040159809090877
-0.6598131814565067,-0.23966105516121278,0.9007370299206374,0.2902604227745548,-0.5281273428940134,1.0,-3.0504613242736185
-0.6023357592907361,0.1364105823606076,-0.41072113464419,-1.0,0.7662150863455461,-0.38292381629195515,2.1275841759905187
1.0,0.0983230678994702,-0.09448183629861107,1.0,-1.0,-0.20441391963986788,2.3046156752429816
0.3757115260357341,0.4059337330249696,-0.35686334568538197,1.0,0.6638145897549595,0.982805182169136,2.5267748976198243
0.21534944684607638,-0.174623514331659,-0.3530144066362548,-0.44268783492810965,-1.0,-1.0,2.3511757860348945
-0.5703643651014758,0.45054971572789504,0.17958634203343954,-0.5610841693328789,-1.0,-0.32678669307207997,-1.2212767243687268
0.5695341733047445,0.6143118533749516,0.056172266503849766,0.4156893802048453,0.24858163286177948,0.11236475564180692,0.18199677256881897
-0.21202711457839984,0.18901521444548247,-0.47232888208696217,-0.6083268778245667,-1.0,0.31285890771875746,1.2888895909779279
1.0,0.928648687310869,0.31985214143774343,1.0,0.36567655418717326,-0.3429606523402528,0.32907088205155327
0.16281789902178057,0.05975083996722219,-0.7697722253694266,-0.7703988436430295,1.0,0.01998108123799036,-0.13880556118686774
-0.053219857317532926,-0.22607483352509938,0.8187444676249526,-0.3977980024263575,0.4118804264810696,0.3574848263559247,-0.15305436482320334
-0.8940946551348932,-1.0,-1.0,-0.9384623554731193,-0.3412265085154127,0.06199392725361341,-6.202454050459479
1.0,1.0,-0.27241753810464864,1.0,1.0,-0.026642805176229523,-0.9060007624486957
0.07404407148331699,0.9186288018582209,-0.18198076792388668,0.053536220301413306,0.16513733561608107,-0.8800774407479831,1.3697615140651704
1.0,0.6862095825304486,0.11920483999340692,0.6795133700084355,-0.3805059917428839,-0.19504062225363963,2.165390056271257
0.15940080895941589,0.7652243497013709,0.5375555327975846,-0.076345879725083,-1.0,-0.31204081477675616,-0.8412071509153415
0.021138563569987057,1.0,-0.16297866361628868,1.0,-0.9832042639437377,-0.40314568598623657,3.2179731312468833
1.0,0.21961726539871773,1.0,0.04700069950797714,-1.0,-0.16000181576986905,4.700728068419323
-1.0,-1.0,-0.6699284150202467,-1.0,0.6241787630713709,0.2499914769495336,-5.168377548712497
0.8257850298704759,1.0,0.003170421913922805,0.6030579290098786,0.0019684872999592984,-0.2296377773259078,0.18424163588598058
0.5304804372319588,-0.36129974961401484,0.37750473664417017,-0.39126273548490453,-0.8461591774318526,-0.5032647496385241,2.7040314309572206
-0.09206683067438248,1.0,-0.1690042510081754,-0.4950942801559592,-0.7797468196694093,-0.6200625792398313,0.15693168890782058
1.0,-0.01679333731569177,-0.9101811093396959,0.6365349901182799,0.9208396551436066,-1.0,-3.354412862753298
1.0,1.0,-0.3775156004748408,0.12037684497650214,-0.7947395348555717,1.0,9.363798582156296
-0.4552845430542454,-0.48863844376772847,0.33973729765395955,0.11275554400441795,0.577286465100233,0.8152532751200423,1.2824832009156917
0.5272494540761499,0.3083182295936717,0.397832107561801,-0.0922351651166376,1.0,1.0,1.6840940864829501
-0.8570428370125861,-0.23794331205237335,-1.0,-0.8065039709595363,-1.0,0.2630029900967774,-2.5477675120595045
0.17300337503389485,-0.5938858033019602,0.058220179376848424,0.9554043411453748,-0.5140910324739444,-0.876106762816345,3.5908439730498576
0.03219964585462515,0.3342662957669436,-0.5341634412916842,-0.5118565819628864,-0.25420690319358064,-1.0,1.801026155681676
0.22554864610514924,0.9337081600587904,0.09818984992787416,1.0,0.18633454667059457,1.0,1.0567171276174094
0.45161861226419275,-0.29501559194456484,1.0,-0.036080344484967,-0.9564171958224363,-0.5777575339710569,2.217128808489589
1.0,0.7393562925061405,1.0,1.0,-0.5729807313872743,-1.0,6.489425818249325
-0.06814283197253884,-0.5027723365993989,0.7006571882324784,0.5059070564903146,-1.0,0.17520121546166323,0.7777634671266717
1.0,-0.746581118321828,-0.7464113157885938,-0.5944264301391056,-0.07493926254943206,-0.11502804647317874,-0.29899493923061143
-0.9679368813900195,-1.0,-0.7232128736793558,-0.7784736765334639,-0.9076291305679001,-1.0,3.3783524783730954
0.9731071781860359,1.0,0.5430375385269348,0.6227519461779354,0.9704366459970413,0.123310849902451,-3.5136788255019002
0.49934345822870785,-0.21555606249071488,-0.8480848146191946,-0.2722045358620009,0.16655559695093292,0.7169192116961522,2.092048343668307
-1.0,-0.032396876242756334,0.4808706663160345,0.8818435459059091,0.24922355261641993,1.0,0.25176023324509866
-0.10974091521084506,-0.9093268083585879,0.19942128859091993,-1.0,1.0,0.8276637404754792,0.16013417590257228
-1.0,-0.0867840050986699,-0.014640097653810136,-0.9065353008198566,1.0,0.9138919217098113,5.147931866078107
-0.11700736088781172,-1.0,-1.0,-0.5327947376373294,0.8157789672903807,-0.7649937110478899,0.6803408649504159
-1.0,-1.0,0.7437139480179961,-0.8562860331763009,0.2852339192985194,-1.0,7.089992658954755
0.2815606089284153,-1.0,-0.1908358897377545,0.081809378309883,-1.0,-1.0,4.308099731597709
-0.46769895706925224,-1.0,-0.4778969909388331,-0.6151639102254549,0.4758969872676406,0.45322508194420225,-2.1892569802609314
-1.0,-0.597460485741619,-1.0,-0.3259052119061361,1.0,0.11424915823432324,-3.3910969232930293
-1.0,-1.0,-0.5156154868396391,-1.0,-0.750718654392119,0.7833943641339144,-1.3525521655745556
-1.0,-0.4129291948402564,-0.8087978295274296,0.204984330091614,-0.6327108447694424,-0.8565426530141313,0.8164078069348151
0.3234237166625902,0.6418233758237022,1.0,0.8037453019139027,1.0,1.0,-2.3530151809860844
0.7896777221811231,-0.034353004172093415,0.1479191862714354,1.0,0.0652968247382022,-0.14110873681290959,-0.35855063895727346
-0.27142996856764806,-0.6059190144458558,0.10040144255141528,0.4688861199813492,-0.3989844132981122,-0.8289519922963009,1.680625615504657
-0.46558660340076274,-1.0,-1.0,-0.5450549911649993,-0.0687956771116762,0.7398118620077632,-2.0544285719513766
-1.0,-1.0,-0.24912526808076585,-1.0,0.6740590514252589,0.12905935791248857,-0.019664064041894247
0.30647272391921443,1.0,1.0,-0.13611132634876788,1.0,1.0,-1.2142851238864958
-0.4490736911869911,-0.009757672788445027,-1.0,0.3336636407996947,-0.8814661347844247,1.0,5.774813715070005
0.4315140063214502,0.059778888367529426,0.7157034736579677,0.24652227612046795,-1.0,-0.23063345356552645,1.0695712189254243
0.13774283610557225,0.5178494341656861,0.00013321224755824534,1.0,0.22908890655261432,0.4997676349437672,0.4237980736500738
-0.5561724812343873,0.7185550517393904,0.30217125663617433,1.0,0.9978759786018281,0.6962498533860267,1.1151858405648025
-0.3051935549921113,0.1487813759365637,-1.0,-0.32963469231313686,0.04669844608618945,-1.0,4.44881673895255
-0.6665861661134727,-0.24148531592028633,0.5578755705162162,0.9337706749276915,-1.0,-1.0,0.5585102574570434
0.4394063832740496,-0.04396349951268996,-0.09433590328356181,-0.3308026581011147,-0.0536024803024473,-0.10413074308165554,-0.036106471783270144
-1.0,-1.0,0.24468143685096244,0.4396344989223844,1.0,0.33861438752988804,1.518811079028397
-0.43968338282941394,-0.3789422672291973,-0.4978249627463344,1.0,1.0,0.1827190832693707,1.1224160341018177
0.30911924203639213,-0.6462027514794899,-0.9996079556333768,-0.29114508711880294,0.6808611470635654,0.18172507343273378,-1.2160178543377747
0.5927134765081723,1.0,1.0,1.0,-0.05557335374660621,1.0,-4.68174337509767
0.12740193079488438,0.6754993969662615,0.7596038231228419,1.0,0.14808507921803837,0.11004008904629659,-1.9495209445760733
1.0,1.0,-0.5101966921516369,0.3580372694497561,-0.04325252294243742,1.0,4.690077853425974
0.65309112226763,-0.26161376395689984,0.3735862044417063,-0.8801237300240266,-0.2724978423070085,1.0,3.5782509348493647
0.32282793257742015,-1.0,-0.6410868170864381,1.0,-0.25111181266806737,0.3113419109601051,0.8458276398818652
-1.0,-0.10104577220727884,-0.22521853029571925,0.2922802830590534,-0.013416124964839016,-0.4561036333388119,0.5004596797852009
1.0,0.3730157398905014,1.0,0.9905728478592186,0.0575406603913401,-0.9509330254006816,1.957975663821613
-0.26041841462521,-0.6489014198899568,1.0,-0.8186118568257781,-0.35478896386073067,-0.1349402512976569,0.06286635209364971
1.0,1.0,-0.27936808095504245,-0.29635808762538723,-0.018945905199990745,-0.8333179378315241,1.131829551408642
-0.18986948105827717,0.4717505639912171,-0.10045460994089811,1.0,1.0,1.0,6.212265337646712
0.4091605910556906,1.0,0.5004325631779143,0.15325329881944216,0.4389353921841258,0.2659764796460693,-0.9814112851130434
-0.6419096124378526,-0.07515844602243066,-0.2587115577845187,-0.9258636413073907,-1.0,-0.22676305894388604,0.6311169308821541
1.0,0.7582788335767721,0.7052923818518506,0.20158056364020638,0.812045873791978,-0.5316193144423389,-1.760404879634148
0.5686025797813545,1.0,0.2469021147552457,-0.11683570199310978,1.0,0.9051847034025382,2.9299834489593186
0.40660583717134235,-0.4387916355038986,-0.8956702604979532,-0.1619909262955982,0.13080125292866734,0.008978543056247465,0.2844455728681021
-0.0975663389847996,-0.7450401030841021,-0.002939556071319016,-0.6096106385491449,-0.5195121313136706,-1.0,4.063286386908242
0.5279008710090822,1.0,0.3242552248704933,1.0,1.0,1.0,-0.6249183091110149
0.3575405751903964,-1.0,-0.5224559477641635,-0.19120889386068773,-0.8517473682898886,-1.0,4.150122691757917
0.0836906695006131,0.9648552040563327,-0.1401706330148993,0.8448455305034973,-0.7407992457594856,-0.6490900880519872,2.1071074479962046
0.15771583389546784,0.09118144253923499,0.7681025713612899,0.006535244784436789,-1.0,-0.10495942841905359,0.26344807989380226
1.0,0.329364307865178,1.0,0.19169048671132405,1.0,1.0,-5.5275854563687945
0.5083036900195836,-0.4375269377566161,-0.8181660617356739,-1.0,-0.17590914342119324,0.45539683503139694,0.16083717911418918
1.0,-0.2714874736917887,0.7015825086903955,0.3925205961460128,-0.013269380237901918,0.4460410789340794,0.5547092330862016
0.9774225136285815,1.0,1.0,1.0,-1.0,-0.8699375238329691,6.756165181412478
1.0,0.03935131877117537,1.0,0.6268876703243612,-0.40146594092880955,-0.25690912210874467,2.4102551715703666
-1.0,-0.16545070493014435,-0.12075674807184444,-0.6938027320999384,1.0,-0.4503441383173487,5.196430342920493
-0.9355033231950192,1.0,-0.36489197950121854,-0.0863501164140309,-0.8871939505608121,-0.23629003051616837,-1.427258345186586
-0.9793562564121212,-1.0,0.07506039077316229,1.0,0.25440918170286286,0.9502265235867219,0.7531718143557137
-0.22041379460255806,0.5578294075541408,0.1620004752252484,-0.29576194968244346,0.06312687226209857,0.8238098890607426,1.938808074449213
-0.48596167166716353,-1.0,-1.0,-1.0,-1.0,-1.0,5.071687524335577
-0.7525617357007262,0.15271426408634375,-0.8149518984918083,-1.0,-0.33487514432147447,-1.0,1.1180820646751992
-0.17033399011558342,0.38232842775094317,0.01593907803941874,-0.29088806067544476,1.0,0.7087460195870781,3.37083263872129
-0.8668882995069449,-1.0,-0.9438618785177146,-0.1628412433747335,0.8389037074607066,0.241995212224888,-3.3511514196668957
-0.9313177519383984,-0.566691449587325,0.7213504948705161,0.6404493527756238,0.45619664717851555,-1.0,3.8414874066799074
-0.18111467340154644,0.7506538285846917,0.9167157512834931,0.8759787022406935,-1.0,-0.003987312231402584,-1.7179955955829564
0.39176314958283187,0.8935950413241983,0.1489409837881547,0.37053082152317285,-0.26542967747132296,-1.0,2.7839983958978394
1.0,-0.17021846693773796,0.0800631817282923,-0.03245190802020831,-1.0,-0.22309463508638078,3.8130557734263526
-0.30255298502880656,-1.0,-1.0,-0.684667738681959,-1.0,0.8821975646075818,2.976263004838179
-0.8163718670320965,-0.5108145534645397,-0.07678412820316582,-0.9250570114518262,0.30246218139655245,0.7499200484223308,0.6743652226677536
-0.6668550495593895,-0.4114194696077563,-0.299802253224913,1.0,-1.0,-1.0,0.3321557600780172
1.0,0.3296751050961779,0.5335157001441359,0.04504862319093183,-0.1020542699500323,-0.1333557314363203,0.44223554970698986
0.05503251726675584,0.8805725110081504,1.0,0.0010345373380904466,0.08882533735442602,0.20901118303735478,-2.609950470243265
-1.0,-0.7726061379004965,0.0981054271145515,-0.27727059563730383,0.44221960886276046,0.19365364526429557,1.047803740233794
-0.04117714084795113,-1.0,0.28172185849510245,-0.43363937001392366,1.0,1.0,2.3754542767399816
-0.7595469794786454,0.5136702617761648,0.8242294353828373,0.23277543344095464,-0.11180628916048918,1.0,-1.0656830917427251
0.9446823387769858,1.0,0.8261856052799978,-0.0045626974650375685,0.2814139061115865,0.06767507309149678,-2.4783447609409808
0.08592476704559793,0.599041351296083,1.0,0.3326778259155941,0.6810740282444958,0.8950680343194357,-2.0173518377341075
-0.18493666989966284,-0.5563643511020055,-0.5811947766508987,-1.0,-0.12117018419456571,1.0,2.2601312441530585
-0.3900112119395757,0.41691407198606323,-0.5206564897213833,0.25740073618955595,0.08490004095838181,-0.13100582234621605,0.04972781552212422
-0.10984433865968612,-0.4160078916074499,-0.00213192319655775,-0.7672620783019963,0.5231848582599516,0.6196309391624075,0.6985487691215613
-0.5073201682270312,0.3121560881836688,0.28420369387536465,1.0,0.46590539700873235,-0.5398150042964558,1.3999536692422614
-0.21285812127166043,1.0,-0.20634748790355328,1.0,-0.41729379720171045,0.9479428857010241,1.4644383685818232
-0.6053581080741657,-0.035965789397223946,-0.534006227296622,-0.7361985785750476,-0.25553433002129367,0.5025780803029352,-0.02732745613566928
-1.0,-0.9505080630498302,-1.0,0.16688743809439438,-1.0,0.002511007327798964,-7.065684763464311
0.8717505385883073,0.7324975420171645,-0.12783923932702818,0.21527705300200772,1.0,1.0,2.275846562780613
-1.0,-0.7552255771886622,-0.1974466057576416,-0.06430157439176165,-0.21260757723561635,0.28879935734765777,-1.3936430743676067
-0.9318810412671792,0.3487270715970027,0.384806384662824,0.8143280418145404,-0.9544745514347861,0.008448530333569015,-1.5590766482745013
-1.0,-0.31528964148790295,-0.3659738928077286,-1.0,1.0,0.08041799022125018,3.2630640457029907
-0.6281837140103033,1.0,-0.11755775228518675,0.21445287014601722,0.040751932767077725,1.0,3.2121626411376307
-0.5933490573542104,-1.0,-0.7069667966690669,-0.18477551247604307,-0.015753055855443787,0.7104115280602131,-1.6503164262163348
-0.21249529197668443,-0.520717551202941,0.02781491436134874,0.6282121476690977,1.0,0.4064600774107435,1.337733789944648
-0.5016994919793872,1.0,0.4745777568782013,0.7669706257120339,-0.3878173165114767,0.3700036152869085,-2.5235691818509753
0.512344687539214,-0.9903708950508519,-0.34903459394607017,-0.5191858599878378,-1.0,-1.0,7.022480549008651
1.0,0.9169025336764189,1.0,1.0,-0.6963851831543996,-0.4177880130288454,3.6723303441577007
-0.7832832710083063,0.6574846026462082,0.4479016081290059,-0.34266303715405744,0.6621479588433868,0.03260558720747153,0.3213652139941293
1.0,1.0,0.8437449591101069,0.28934482053924526,1.0,0.39686714163155234,-4.328662364652108
0.0931763246238474,-0.6460925302138734,-1.0,0.5147873424993561,0.08708561488791658,-0.7674192671184145,-0.1182916320392613
1.0,1.0,1.0,1.0,-0.07929379274018422,-0.146223458139493,-0.42498703682643446
0.4996591008995905,0.5418447553053003,0.09687289720514791,-0.007484689211491429,0.23185243016063745,0.5019073998038059,1.4619678223477637
0.5338057211766989,-1.0,-0.6408663424162896,-0.6328110758495816,-0.3687263403114965,0.4466341362991874,0.1500019631767549
0.6405771063845824,-0.40315085485380053,1.0,0.7340140975152918,0.05588493428021302,1.0,-2.0831192104458314
-0.6579769714870289,-1.0,-0.9951912797011495,-0.8132591410307377,-0.09280574497938276,-0.37378117093496477,-2.8941816314435505
-1.0,0.12825006832504865,0.24570116512896528,-0.6916637611290322,-1.0,0.02553483233799783,-2.396927771657457
-1.0,-0.8410417751620345,-1.0,-0.352904866745284,-0.6255369328595042,-0.814540497684025,-0.37498107458434804
1.0,-0.6204766826293949,1.0,0.2065326083982415,0.718127445697476,1.0,-5.834530534391986
0.8994524926947753,0.8470037312879962,0.7866845943881652,-1.0,0.719418197698944,0.05181874429141675,-2.7515772572556303
-0.30938786406553787,1.0,0.23869653238383026,0.24654660814015372,-0.40109283450634853,-0.6001443918260767,-0.34248119147748446
-0.01960267445853328,-0.4860500173197599,0.09147244312238312,0.5552537705348617,0.5060722800871587,0.10169908269151318,-0.09293131594113102
-0.39540021838236544,-1.0,-0.08358453930754178,1.0,-0.4394459808598988,0.34965341301813324,1.3415821406556514
-0.05546850786893298,-1.0,0.06764847396033202,0.09916651809911459,-0.9890770016891276,-0.8455006751342999,3.08231816592412
0.4984250492319653,0.09461221952375315,0.5576529230471963,-0.21091976379184044,-0.4333597874340662,0.7852054042368082,1.1607409703808047
-1.0,-0.41102917209367673,-1.0,-1.0,0.20705598378455503,-1.0,6.30830801074139
0.4671848055310178,-0.23821569257578185,0.19061640944558386,-0.21617428839861652,1.0,0.23053843264943852,-2.064308144240277
-1.0,0.18357938339675084,0.4358729579103998,0.5085460793239935,0.16630805982378638,0.05966598249560923,-0.11751967211883307
-0.4689885784564907,0.15485790546107542,0.014762672123615816,-0.5949804083494138,-1.0,0.3943502969309217,1.3144889749861108
-0.9191249007184865,-1.0,-0.8236568092029253,0.1661068947152663,-0.6662697882123455,-0.12304192368586081,-4.50724025311394
-0.11007192673713351,-1.0,-1.0,-1.0,-1.0,0.38220220906570357,1.2020854034653858
1.0,1.0,0.1724320530366768,0.5624107326000605,1.0,1.0,0.6661903647202947
1.0,0.4271899439824902,1.0,0.12433352380214369,-0.4450229112772638,1.0,0.7765304322955507
-0.25051498336093725,-1.0,-0.6609467454792394,-0.3643822761429676,-1.0,-0.9396074264947989,1.4262461295957998
0.6612283865513653,-0.14655293787784346,-0.3099115013008762,-0.5098464486807073,-1.0,-1.0,4.09083614760765
0.6207938236023461,-1.0,1.0,-0.16620896732685564,-0.9794174347946085,-0.20024166482699357,8.170841403881102
-1.0,-0.5846768235148099,-0.10234612375753482,-0.5973570046791545,-0.127033108053338,-0.8415561247636181,2.623576006650115
-0.17826191367618938,0.9417644251959941,-0.039054432368376746,0.30986432096683786,-0.0367800018784554,-0.8713407349775167,1.7736923921252772
0.8119859171277932,0.06075968874618903,0.09138963907155884,0.7552874484372356,1.0,0.8434460797530792,-0.1345933276525993
-0.4132220375460174,-0.49808828127716903,-0.21788495750037545,-0.27946856606391024,1.0,0.38992591675447286,0.8432803292315156
-0.5305800314227551,-1.0,-0.2813699124622009,-1.0,-1.0,-1.0,8.350500888373464
-1.0,-1.0,0.05909100381951771,-0.20562266846506816,0.5906342854261466,1.0,1.4190578976911672
1.0,0.4187078268363127,1.0,1.0,0.10890142506830891,0.22876759127336732,-2.426887761403904
0.755364589423635,-1.0,-0.22212777995052058,0.1087015767146986,0.6949571865380965,0.490743259546607,-1.6121644109498592
0.6562783765198597,-1.0,-0.6453224499678708,0.007850569543232933,0.962025162091273,1.0,-1.74816718284276
1.0,0.0016894697830797112,-0.42957964241890945,1.0,-1.0,0.316183047871713,3.049354193177968
1.0,1.0,0.6159412576941896,1.0,-1.0,-0.9425409111247351,9.642851453644536
-1.0,-0.5829553695802834,-1.0,-0.7515439134871467,-0.6033413137432717,0.7500713882847367,0.22815028336452303
-0.8561542451690776,-0.8130864354397276,-1.0,-1.0,0.40587604823770246,1.0,0.3259624978541004
-0.1380530359792884,-0.17703504341804177,1.0,0.9489005746083499,-1.0,-0.6247325668433291,-1.1955681064375097
0.8065276396890415,1.0,1.0,1.0,0.2959453045357642,-0.18817769280959828,-3.8435011327539343
0.10479334731648327,-1.0,-1.0,-1.0,1.0,0.516169949322208,-4.887230083359406
0.20906193346043223,0.98667318454947,-0.7313293136221546,0.652984229698976,0.4033806435425209,0.7638687411453824,4.22171166447853
1.0,1.0,1.0,1.0,1.0,1.0,-11.624724537241953
-0.8199074633313712,-0.27673121847447346,-0.8572679559892715,0.6168415381796029,-0.35889241442353503,-0.8108882526342449,0.2788054490282036
-1.0,-0.17145987823204978,-0.0307169014242894,-1.0,1.0,0.6299338249016222,4.812694487046752
0.02695224178010719,-0.5378052084525959,1.0,0.5315535715275841,-0.18071503169434744,0.07383821157681197,0.2978116894116544
0.3815485542605801,0.07307558482789167,0.16731858352352758,0.3382280114500811,0.5079106306841166,0.8748681653625396,1.2828184322315825
0.1786611733338832,1.0,0.05121324653454207,0.127647476046786,0.7104363919353033,-0.30790506438641996,0.9777489389262923
0.8540060503139797,-0.3701560733494056,1.0,0.9803122841954068,-0.30928558888751206,1.0,-0.8178658731711225
1.0,1.0,0.5551397867508138,0.8487468071903758,1.0,1.0,-3.4642188960018445
0.3169481701984998,0.7327752299755776,0.3812879558873282,0.7415543833955265,-0.21886872038238625,0.6070888593452168,0.3678000438271094
0.21739567223231138,0.14527438306712226,-0.4951551815195251,-1.0,1.0,0.0500145829101466,1.544577988363656
1.0,-0.37277757745498585,-0.12269446426581831,1.0,-0.28898840126694125,0.8322977218123255,2.808212141103566
1.0,0.6524851792820949,0.43753631483388533,1.0,0.5500128025790861,-1.0,3.678424436922729
-0.7869253195344359,-1.0,-1.0,-0.9349696041858002,-0.0033872891176332243,1.0,-0.85269721083432
-1.0,0.06443240690699892,-0.5380332547272619,-0.17302326710070193,1.0,1.0,7.212780626927276
-0.6369059534053971,0.44230284205673076,-0.17037246278564147,0.7349755223767036,0.6261427557041259,-0.0007869843375453156,1.8941528487465007
-0.6233073682232182,-1.0,-0.9276109029775956,-0.048889782328792375,-0.0597950153097101,1.0,2.59324264567315
0.07595740275296259,1.0,0.260827937952675,0.2735759855535529,0.9698453168254835,1.0,3.191243568835089
0.7214945898440137,0.31192364242179216,0.9911428656785795,0.9512650493603239,0.14680173672940333,-0.6798416319690705,0.23422110272225355
0.6337828654163988,1.0,0.9881280099963057,1.0,0.05615553658865474,-0.8615454820443784,-0.6776788880451123
-1.0,-0.6344774690892885,0.5195108946331642,1.0,-0.016874217205834763,-0.32941430430749347,0.3929959974712349
-1.0,-0.98695021385541,-0.9441283347128577,-0.4549005197789604,-0.28004792026725867,-1.0,3.0875963450638126
-0.03998061519828111,-1.0,-0.8975357929019641,0.3339274687904159,-1.0,-1.0,-1.3015537141130182
1.0,0.030378243075730893,0.7863286740485484,0.909940457131424,-1.0,0.20416380074956308,2.9692303069746036
-0.6169557880357444,-1.0,0.5817437279263022,-0.5620445527777744,-0.12766154084099568,-1.0,7.6408036424260315
-1.0,-1.0,-1.0,-1.0,1.0,-0.5943099251135311,-4.38654549572287
-0.22006857810621605,-0.9177741460208417,-1.0,-0.6794895729414907,-1.0,-1.0,2.950777894276048
-0.911597999011967,-0.7140228309671566,1.0,-0.3001005127469816,0.882194121902521,0.23396089961096111,0.1840382139961445
-0.8632328792942475,-1.0,-0.2736179771125221,0.31092119939000074,0.18533019755819075,-0.3113448349501497,-1.0438104810901003
1.0,1.0,0.5278739471827361,0.23923109341934357,1.0,0.7974425771622092,-2.718038230879546
-0.517792709144449,-0.6800136359906037,-1.0,-0.45121413910549735,-1.0,-0.9364568173331165,1.706799972111276
-0.06786363640565474,-0.012859576700000652,-0.2548963219499124,-1.0,-1.0,1.0,7.118099934264047
0.1724145827579352,0.08079881586593912,1.0,-0.9770391533526306,0.21498427940923082,0.7107348651141061,-1.4548771895633057
0.5264350288358616,0.4502244903679559,-0.21571286817227064,0.9443181553440247,-0.05787253546055149,-1.0,4.083635814033502
-0.20705969469360963,-0.06010306097975082,-0.6456708109647917,-1.0,-0.023303697236391807,0.21664180886142137,0.034846976760811055
-0.11262244178796973,0.5832342997780912,1.0,-0.7726203891031345,-0.3231530219607949,-0.11608533601908871,-1.6727163919439842
-0.7737506621891466,-0.36571076260391705,-0.6341340636091133,1.0,0.9357898520617272,1.0,8.20656403829711
-0.047298098988506565,-0.1734232414675576,-0.2054630936390623,1.0,0.7715712089530447,-0.898828240696418,0.5042359892812075
1.0,1.0,0.04208166147703629,0.48884662708921267,-0.6598431933531188,-1.0,7.691066386513136
1.0,1.0,0.638207202886315,-0.09909874289700327,-0.01329620385710295,-1.0,1.279651717210277
-0.24562563839099127,-1.0,-0.2935790751144507,-1.0,-0.8515324369757439,-0.3378898095832906,3.964201035752682
-0.18005134693558478,0.6801009776053586,0.1041903316947784,0.8784700709983903,-1.0,-1.0,3.017443931726055
-0.5720223369491082,-1.0,-0.44674708758082304,-0.15190369184137742,0.5222231801292087,0.6073092231184292,0.4876080519522262
-0.5209057835425122,-0.7822113861326923,0.4479080538360928,1.0,-1.0,-0.41922177861864385,1.0620103971757602
0.14805971940701368,0.09911639682018208,0.13652513591850907,-0.7585789913127283,-0.6020941750451168,-1.0,2.1886864302798066
-0.012848720158476545,0.8883056631105583,0.3369536465588163,-0.24198721078096141,0.8664886927831932,0.45190125204769416,0.6153059433660969
-1.0,-1.0,-1.0,-1.0,-1.0,-0.6630769315118004,1.0995946818755615
0.6743217154847357,-0.711197778841548,0.6277002094000128,0.545307152483566,-0.6966235046579481,-1.0,6.626300590260799
1.0,0.4557662016170543,0.3744778045594894,1.0,-1.0,-0.5827152118234991,6.4381357613314965
1.0,0.48247506535072354,0.8361859097858272,-0.36127426964770715,0.5066197905888044,-0.2924226037482406,-0.5614472499144947
0.6182322457709291,-0.1945264504197392,0.40235492697360004,-0.6258563441648877,1.0,0.7837963098278093,-0.3164320605938771
-0.8360041138196752,-0.3322179433250813,0.08934025616375962,1.0,0.19075623586677543,0.434096667648889,0.3886250966131931
-0.7234988716445998,-0.23434567210321444,-0.10895979858366056,-1.0,1.0,0.6712877592138575,3.1317599606509194
0.859227030146535,1.0,0.9242477403503191,0.6081223793793866,-1.0,-0.22862091374542148,2.094795131680957
1.0,0.051712511680294816,-0.5945356627436862,-1.0,0.22389855358198374,-0.7068236594747703,0.8598477033424325
0.8200622075353868,-0.31436500810752205,0.7477718499112918,0.6712190888154032,-0.2566797543079833,-0.07636774072466407,0.3435138844744179
0.19191888100323373,-0.8451128217462694,-0.9237085571006706,0.33167576772505775,0.3987076364616076,0.5958899351189881,-0.38286643416384375
1.0,0.11272017812830715,0.6249204402950173,0.8903670009481253,-0.03275318929333415,-0.873993420435369,4.703592387559876
-0.5244087031101745,0.5608530578841209,-0.4602148537288963,0.19918997023666984,0.13883918463284903,0.4072537642620272,2.4169931243973903
0.9264939297350187,-0.4495479386320278,-0.048548632047816634,-0.70501653360437,-1.0,-0.6826699311216373,5.6185817287052515
-0.7557743049782096,-0.5765143933192562,-0.03172175341012329,-1.0,-1.0,-1.0,3.7257442833480887
1.0,1.0,1.0,0.9214406219964701,-1.0,0.5513834852233985,2.649675844759442
0.07771483317297845,1.0,1.0,1.0,0.9107788842377406,-0.052818958074836164,-5.732074724895258
0.28756099987399764,-0.39905421160043114,1.0,0.2614588072944317,-0.855611308329098,-0.9435471101433764,1.8775785575294655
-1.0,-0.5017363301170346,-1.0,-0.05836859631594793,-0.6189493547157314,-0.03235093517024373,-3.504704269401568
0.705639859858794,1.0,0.6998052295224818,0.34143677372839487,-0.8878824813344215,-0.9213740883433288,2.5527119944107652
-1.0,-0.9825219197181165,-1.0,-0.27074694311476244,-1.0,-0.2361398248219524,-4.5863598196579245
0.09333129408771734,-1.0,-0.4971482222716713,-0.9588239977716505,1.0,-0.39826737548448077,-0.5746793561657648
1.0,0.18833630458154582,0.10078158438305795,0.18408480083673706,0.08870851732505428,-0.5555864647933821,0.5712228244351151
-0.6276383706410127,0.1502195461724497,-1.0,-1.0,0.4987817304733403,0.38859221233063734,0.39343543135015735
-1.0,-0.26264455163573597,0.2140494805171737,-0.3995613271074075,0.6143447104136024,-1.0,5.9111667980318865
-0.8764356257242467,-0.31083018320297207,0.48195726214969004,-0.5836916745458883,0.8174537361290916,-0.1830118077539582,2.5263469969850036
1.0,1.0,-0.16035069625587273,1.0,1.0,-0.0767206895237843,-1.609793827902005
1.0,1.0,0.9725262929507766,0.842053119005193,-0.8047065032359453,-0.1701149530034216,3.229965672855789
-0.2843851047089563,0.01641714860682264,1.0,0.8541154474815043,0.7016179701351271,-0.3514036225866942,-0.38461806953603606
-0.5583673757585237,-0.6280002181865743,-0.5671094330019876,-0.24746507005875018,1.0,0.21806115490734346,0.235093544052571
0.6293364365451051,-1.0,0.7287420318548381,0.46946122495744125,-0.7043257694836306,-0.873599649491489,7.667179429197146
0.14974568335689734,0.05830016708098629,1.0,-0.8203169578161997,-1.0,-1.0,-0.2434872528742542
1.0,0.5831134819466742,-0.6675338804554245,0.8730113115700868,0.3464661563698712,0.6799806845624916,-0.5045746624779017
-0.3837861869092508,-0.6758344850909255,0.021267860835764762,1.0,0.425669479550896,-1.0,2.2454181196763185
-1.0,-0.1820192818295766,-1.0,-0.6786193131731477,0.9141613059936834,-0.8699356047938205,4.296290563277251
-0.3432295393581818,-0.28426209776852573,1.0,0.5364136880331927,1.0,0.680073402130223,-1.3064489676964073
0.25725297696268956,-0.044867922664752674,0.21361210168878175,-0.8539047925614137,0.4600603648869327,-0.9380544596094894,3.414027609946949
-0.9213053586880969,-0.14027693076055003,0.16050598318129072,-0.6227771771911541,-0.5758422811145767,-0.3345679980390268,-1.80319897876776
-1.0,-0.8582232760721112,-0.7271241309003807,-0.13150791209134005,0.5157555288111785,1.0,2.5591649817399444
0.9773828893594451,-0.6432698102648715,0.9390015506495084,-0.462050022871467,0.6893907975479925,-0.8692921120364561,1.8637481565488272
0.6930042035886985,0.3116254460966625,-0.31208397442054214,-0.7324712886168718,-0.37397884330535824,0.5077100849078091,2.65092308741139
1.0,0.9286528726351391,1.0,0.7843285927043631,-0.3154541974591202,0.3994674957007325,-0.3901296985176548
0.5999620888757725,0.13292167712553554,-0.16070003622512719,0.2875364848754159,-0.41181020361950327,-0.8222522499266742,2.9392896022752177
0.010865937934875336,1.0,-0.5140568487533045,-0.7478437326391729,1.0,0.12525938160128613,2.483768501425996
1.0,0.6466671703945419,1.0,1.0,-0.9656342080506796,-0.1050073642516216,4.328077618891273
0.5241512737925493,1.0,0.8635643823198934,1.0,0.4767782101224769,-0.6507520950512441,-2.3564226202484964
1.0,-0.9214505362532561,0.29808287328395355,1.0,-0.25058760063496677,0.5283806894328257,2.806415762745452
0.5234261569510226,1.0,1.0,-0.08641705128193089,1.0,-0.3365073551004173,-2.947017329325487
-0.6143815654180745,0.908315498502364,-0.4573384105622304,-0.4996609547933272,1.0,0.8531907528915346,8.89214461113943
0.09162394465345036,1.0,0.7191826166999069,0.40814995811959465,0.9030231084937355,0.5016960201884764,-0.8403212754173859
-0.3955654225774192,-0.16422528899855715,-1.0,-0.2637452519833503,-0.7076200012054282,0.007322927514407052,-1.8188718130866528
1.0,-0.34830939862671273,-1.0,0.08071480752160717,-1.0,0.09616993456948086,4.901546267443644
-0.18382226157848758,0.4416438538897991,-0.8906412389259675,-0.5943681766816811,-0.4353838126937737,-0.5695957157950122,-0.8254852113219648
0.9814131442111278,1.0,1.0,1.0,0.5563600144838388,0.49754949511212976,-6.500114839049581
1.0,1.0,1.0,0.27387859853641405,1.0,0.4455664508728149,-5.822922064141469
1.0,-0.5650150781575045,0.13062935633947992,0.7838532480523742,1.0,1.0,1.129030613520191
-1.0,-1.0,-0.01056347258408541,-0.2829906544926969,0.8336861582418564,-0.8718725922917931,5.843060397766209
0.5335134976301777,0.04883068857941031,0.3510186942830822,0.05753237144432899,-1.0,-1.0,3.7627714954347664
0.6782490188882169,1.0,0.6053120503540204,1.0,0.16912608139623342,-1.0,2.868337114779546
-1.0,-1.0,-0.2116045939447111,-0.46036490540673736,0.35768963636899964,-0.38412112817262645,0.9831097461698031
1.0,0.07336237523530298,0.29840003229000334,0.745227430518129,0.848228665766649,1.0,-0.9210189775325447
0.9664582225682812,0.09452968293035047,0.14542929910915925,1.0,0.31238824269728416,0.738242745483498,0.44616080217078724
-0.40849182505016657,0.7299789566351038,-0.9333517385690282,0.761298258293456,0.34091602134117954,0.024258643543918795,0.06591217516171669
-0.14302310031772486,1.0,0.7245676294731811,-0.35073162995053614,-0.4928817434758488,-0.5079790361260188,-0.737069454917683
-0.3721887203910315,-0.857567484482362,-0.5063909023490989,-0.1824301217753168,-0.7645657204656623,0.6783659854449324,0.057253215455328466
-1.0,-0.021809333368380424,-0.8974154379830608,-1.0,-0.25228998889618826,-0.027837168647566246,-1.7716757534343024
0.10677081517704921,0.8000531792195905,0.5119078691899741,0.19963915891289408,-1.0,-1.0,0.9975885568859296
-1.0,-0.09225222706555214,-0.21185335665408034,-1.0,1.0,1.0,6.861801243551684
0.4840219321116499,1.0,0.7262786149291007,0.9755754075318297,-0.1368464554573785,-0.027815601318165184,-1.2177840686292685
-0.2267426012049798,-1.0,-1.0,-0.5316937719424372,0.9156556167340761,-0.15219591240427088,-3.161683849722003
0.6037067762130208,0.9613584378735562,-0.6193533541867986,-1.0,1.0,0.006523167276881736,1.378567464315628
-0.5091861925422199,-0.18404854447907892,-0.11274829337419456,1.0,0.35205210647047225,0.7332836326457657,2.673529620306714
-0.1757964594430087,0.6700394113823609,0.5134514786784024,-0.6314867515028686,-0.14892379684764712,-0.6035750571338763,0.13550449109383578
-0.31702760945219965,-0.5202966082845611,-0.009664828576249285,-1.0,-1.0,-1.0,4.432039457453311
-1.0,0.5303072452225557,0.25514970467690323,-0.9359383206962809,-0.1528363836813314,-0.7776277907584299,-0.315499525863883
-0.7980596691706783,0.6842477282222111,-0.45870876558463825,0.35542490023598783,-0.05488794535987873,0.3317317728971052,1.2854094475965994
0.7102509052821775,0.18382257827687576,0.5333117470717768,-0.396421857910512,0.3218763772237965,-0.03542596371826262,-0.8086162984466725
1.0,1.0,0.12413349754477943,1.0,-0.17259445018431846,0.6748083951373448,2.252999946256196
-0.2038761703641607,-0.961565709262103,0.06641490345321899,-0.13026802677393423,0.16783060844302233,1.0,0.3021691136575473
-0.9942155485747399,-1.0,0.2835353248557267,-1.0,-1.0,-0.006655442312265114,3.01239273234314
-0.181991604291213,0.4338241395997944,1.0,-0.2583232566116647,-1.0,-0.6731916329951526,-1.5904047485035007
-0.3171761888854482,-1.0,0.28501503838038267,-0.31521816534299507,0.2201389156646427,0.07750743712489494,0.4667951994116367
0.26482249851648265,-0.10319855903560765,-0.4958741651383251,0.22566650555250767,-0.6215481729201822,-0.3048253217564938,0.1046859445518929
-0.3171903009848408,-1.0,-1.0,-0.8499485790582115,-1.0,-0.03514915226201465,0.0012389286345366735
0.8002615139508501,-1.0,1.0,0.8144030127938959,-1.0,-0.47334862278032547,8.816244376670559
1.0,0.5409048881322418,0.13900349331055256,0.8056604062692725,0.7011536982970259,-0.10143489112527082,-1.2867619969660276
-0.7526021581917203,0.030492765379037,0.4089642776218738,0.12434478096500068,0.2851425913139152,-1.0,4.269519387533125
-0.9035592515188626,0.9791004803170255,-0.402341458127492,0.34050909040294397,0.11010633337490472,0.08657671352507867,0.7689169006028149
-1.0,-1.0,-0.8028775913767787,-0.5184097592892334,0.2548740409481688,-1.0,4.280068120121366
0.4174378974644841,0.7694685491790956,1.0,1.0,-0.9207319920494506,-1.0,4.01581162647284
1.0,0.7978117110382765,0.5854951680047389,0.6559260305299912,1.0,-0.42605225089560894,-2.7090164441956444
0.6006803005709446,0.20653313345877078,0.611268671058911,-1.0,1.0,0.4898263531335132,-0.848000623980605
-1.0,-0.5924410735379964,-0.10930788732818997,-0.7479647181144629,-0.8290011198685667,-1.0,2.2396187568523898
-0.45593282151729403,-0.08241497693690958,-0.7147546256468651,-0.42775381420142333,-0.29893481795325433,0.5974770614896329,1.2184236147384835
-1.0,-1.0,-1.0,-0.8170358819398895,-1.0,-0.8816444352383881,2.12212809804432
-0.7539681557529241,-0.9287247939896814,0.22600205487567426,-1.0,-0.9337315667882486,0.04005770558037411,3.517533871542975
-1.0,0.47527202094825555,0.3643476081892929,-0.43553136770311296,-0.6243781722203365,0.8355280281530819,-0.7012766713286285
0.6108145388169898,1.0,-0.7183956660015961,-0.684527829682294,1.0,-0.06175983447840894,1.1564970477887704
1.0,-0.5981639972672836,-0.6028244329882293,-0.750308443422558,1.0,0.6055213338067691,-2.3400030225003023
1.0,1.0,1.0,0.3573155637711527,0.46596928206691557,0.7784736232588123,-5.0228828708172735
-0.4719219332803892,-1.0,-1.0,-1.0,-1.0,-0.5741439837196003,0.8048339855389657
-0.24240166893909412,0.13281517394998046,1.0,0.5764263774962861,0.691345687345861,-1.0,0.40461515184046726
-1.0,0.09605935435225127,-1.0,-0.00459652943654465,-1.0,-1.0,0.8867454129663741
-0.6086965019940414,0.7815957450366682,0.007118209030679612,-0.7869116790396546,-1.0,0.5049788922989941,1.7277918960463698
-0.5018471903400917,0.43152538320931977,-0.3979748343382126,0.29311385875235674,0.6812449022161008,0.6888029158693907,2.925427587643302
-0.6933781553879981,1.0,0.3725509023266211,1.0,-0.8448820140000466,-1.0,1.6747697454974648
-0.9679476285165036,-1.0,-1.0,-1.0,0.40948486687602365,0.01063980749901916,-7.438951524006847
0.594767291317457,-0.48695911666696123,1.0,-0.3655600414679488,0.5787468661783739,1.0,-4.472247508470637
-0.9177882680755751,0.3529038721570127,-1.0,0.09597989372867904,1.0,0.1463363340981001,-0.6408127663809929
-0.9803341603298756,-1.0,-0.9975153501274228,-0.21732518031330583,0.6366425905542012,0.23723046267053233,-4.231315489061752
-1.0,-0.13424661502275154,-0.9799788435236303,-0.26662642672779385,0.02546073949555705,-0.5796853948147813,1.2266440541793944
0.7972659861958085,1.0,1.0,-0.17840808029318334,-0.09475046129807763,0.23025599474131628,-1.4187296948943093
-1.0,-0.702790535003044,-0.12381171577960787,-1.0,0.2689888377633126,-0.5719833238673373,2.3274177390156083
-0.8791422762395554,-0.3284244700447717,-0.1582415946777309,-1.0,-0.6596626375045478,-0.8802117674479657,2.3330316157140283
1.0,0.3954011573730505,0.44085421745872944,0.7166905455468537,0.3599173729074644,1.0,0.3024879174242688
0.30475987556212947,-0.18655528216213602,0.6947194236585412,0.2299008675334635,0.03656217799019984,-1.0,2.765817656199328
-0.6692799555273103,-0.009431147971216858,-1.0,-0.048672263849410424,0.5094271457682595,0.4410576314368205,2.5650645158086456
0.14329487970762794,-0.49922490847980183,-0.9848360599284302,0.46829368781222813,-1.0,-0.7814588839620136,0.03274899451363361
-1.0,-1.0,-1.0,-0.9892503298769543,-1.0,-0.32783240517769574,-1.1099112646774603
0.8078213162361897,-1.0,0.5438580878264121,0.9552928549056778,0.3129516166585976,0.48852396417784605,1.5360214883996948
0.6365077375547523,1.0,1.0,1.0,-0.035768771984803105,-1.0,1.124654147707869
1.0,1.0,0.1820712828968647,1.0,-0.4857795129570726,0.38781920350620847,2.671482072819506
1.0,1.0,0.38962338881677794,0.5896543510175092,-0.4921643348784086,-0.26783873404352176,1.2166783338291771
0.32000204120949494,-0.09337921916458347,0.48275527759366593,-0.04917286754534833,-0.777496543275427,0.14270304473684403,0.2873070879315346
0.21360363543152194,1.0,1.0,-0.23876575452107163,-0.9721217005909842,-0.37277090835656956,-2.6272871607430606
-0.9833858310124458,-0.7396040173209577,0.4655060591278901,-0.1130408401797608,-0.8141080172643174,-0.46545310628522096,0.04559892490495854
-0.6336432724487582,0.02175894659809191,1.0,0.8424493427498907,0.5101095607309605,-0.15997185397852876,-0.3465457099876238
0.520505791121689,1.0,1.0,1.0,-0.08309011363873181,-0.2222363826875693,-1.8072398199109125
1.0,1.0,1.0,0.09747058931783448,1.0,1.0,-4.808451686633622
-0.4343533270052642,-1.0,0.5630108321927169,0.20659562715833268,-1.0,1.0,1.7769982348590794
-0.18075740415896224,-1.0,-0.49847303057486236,-1.0,-0.11100523207103774,0.29557643693083324,-2.801008046614733
1.0,0.925909336312805,1.0,1.0,0.14510055646308895,0.6870223750939395,-4.377337030509501
-0.0891599938579657,-0.37626599138814865,-0.5506458485130403,-0.2310388648752072,0.3713386195152556,0.13542028649560606,0.09825407232804952
-1.0,-0.05605846409161941,-0.9565737008053565,-0.1272718901305936,-0.05833989835040759,1.0,6.32182820742846
-0.14991793558518607,-1.0,0.21698936844094596,-1.0,0.14872603915428806,0.7508640338539847,-1.5943757551485889
-1.0,-1.0,-0.2657448264699671,-1.0,1.0,-0.13143251240697373,2.3990712578179454
-0.6752723003891029,-1.0,0.0025917356039634742,-0.3029550682579606,-1.0,0.009441914845937927,-0.8538020994968925
0.6334565503046673,0.8155138442237436,0.43095726904362425,1.0,-0.07020256034494188,-0.38803891058687845,1.3511985863281086
0.05904451203881922,0.4575636655246462,-0.4439031159504397,0.6587153025367949,0.8826737436823875,0.4174391597940542,1.29406039587468
0.6604073713499559,0.8911515039890237,0.1289579157180012,1.0,0.8500718296472467,0.36529915591551393,-2.1923251122593395
0.1266423486509386,-0.6229457673044638,0.386380028983095,0.74065445592953,-1.0,0.060974237336633874,1.4028280009181746
-0.1986791925900814,0.0044588560040668135,-0.27885913543546204,-1.0,1.0,0.03060649155539752,2.9764390881458938
1.0,-0.9213565710073873,-1.0,0.6876762979737907,-0.04150343358893216,-0.6378975872636024,0.37877971616425377
-1.0,-1.0,-0.7085634858823016,-1.0,-1.0,-0.26545835251161565,0.14917429508274183
0.47879600272172196,0.3393735300092132,1.0,1.0,0.036562050076654695,-0.5446341339550281,-0.11199292142164179
-1.0,-0.7359446211555678,-1.0,-1.0,1.0,0.05767826231951956,-4.179717127498003
-1.0,-0.9992423832483528,-1.0,-1.0,-1.0,-1.0,4.630135456474701
-0.9581528539921649,0.5286808176838851,0.6096194447101775,1.0,0.008599225539105637,1.0,-2.3262624617227203
0.5579705636574255,0.8726206170619051,0.47301751763358957,0.2652013913298985,-0.009618795673616398,-0.5231504508054255,-0.4413377669222315
-0.287386011217176,1.0,-0.14736268502458766,-0.3697024945362609,0.8755312442737768,0.5625916849891106,3.790045884006915
-0.5134890894835451,-0.7163212604427245,-1.0,-0.5931517602298864,-1.0,-0.037902078919712534,-1.8575155204578944
-1.0,-0.8634391164468275,-1.0,0.24110094523310055,-0.5004399779027296,0.46195512430876406,-3.6593751276489153
-1.0,-0.009678233935812519,1.0,0.1278140756109176,-1.0,-1.0,-2.2810250508691357
0.08078830325304298,-0.04947274771423249,-1.0,0.41048630631474065,0.42397794932133953,0.9170887524419586,5.139153218632689
-1.0,-0.9749221246498434,-0.8912255502285769,-1.0,-0.3033047011194233,0.33306645189191,-5.811999944059536
-1.0,-1.0,0.020131999252993804,-0.30932025565486954,-0.27988989834855604,-1.0,3.9565930962558937
0.6116195003025406,-1.0,-1.0,-0.9258318674993166,-1.0,-0.3232661727283378,6.707360398373041
-0.7018874434747449,-0.9330564693821151,-1.0,-1.0,-0.005701516352313085,-1.0,3.1957249851648464
-0.17979629825353427,-0.27242876533363053,1.0,0.2686154336690545,1.0,0.004130768001467944,-1.0401412621640396
-0.964313152732512,-0.8125135377859111,-0.4064777850168897,-1.0,0.018801746556601162,-0.9677917268866272,3.651142385154121
-1.0,-1.0,-1.0,-0.4031052174722214,1.0,0.4721806912450087,-4.185434944020184
0.8381644000038125,-0.5289627721729586,0.4288132577008825,0.5734548108227132,-0.4935880358658774,-0.06899429153924685,2.3106870563884767
-1.0,-0.6946850261012837,-0.4826415703995274,-0.21677466712388144,-1.0,-0.5222658619496612,-1.1872726330845325
-1.0,0.18300865346532913,-0.7285209016737368,1.0,0.5028816859330212,1.0,6.2523594428506195
-0.1702964778942222,0.7453452555594479,-0.08517596223801349,-0.11777984387618279,-0.424761914021734,-0.20578027496561047,-0.7804863615376325
0.6943048658027284,0.6697964927609139,0.616164362381953,0.7572689365055443,-0.7155209811893221,-1.0,6.686662587033116
0.1112277222508562,0.37133303287931557,-0.6429530054097772,-0.2028101173684005,0.26553471823576613,-0.03503869601318155,-0.0004931544947316263
-0.34471879573388675,-0.21632374045711672,-0.8495572823387696,-1.0,1.0,-0.35386073782365607,1.9183270780435238
1.0,0.6223047373344598,-0.09028742049648553,1.0,-0.6086390089750768,0.24612556120279455,2.211718340246259
-0.3923424573993741,1.0,0.7531192222086511,-0.800673982309149,-0.4596589406891807,-1.0,-2.9261942965324295
-0.46969201930295135,-1.0,-0.48808077357071333,-1.0,0.8001805681882357,-0.21059130722187314,-1.5194593065164943
-1.0,-1.0,-1.0,-1.0,-1.0,0.2349783165678052,-2.648654909006576
-0.4472812352259167,0.6838745369109425,0.45266802107470805,-0.3060338104874204,0.5084900182890303,0.5873447408357808,0.744667262634324
0.17678610167173048,0.4461962636466971,0.08231831766359428,1.0,-0.025438514867455297,0.2278765209092772,1.0122767225189064
-0.20346404658541267,-0.07305200249404548,0.07206877047085203,0.24314513525949738,0.3016678550816344,-0.7479634083049506,0.9744879401382164
0.679716738826902,0.09116961402890217,0.47756920554841986,-0.18834119053913967,-1.0,-1.0,5.48117216238924
-0.7014526845631737,-1.0,-0.24647111449493803,-1.0,0.08891903061086764,-1.0,4.234252546349204
0.40400241245907176,-0.16786811408059693,-0.3392296015526497,-1.0,0.1747775199506574,0.7683900697938402,0.7174520214882065
-0.6492417989067727,-1.0,-1.0,-0.6297038213314947,-1.0,-1.0,1.4024722958260998
1.0,-1.0,-0.27585311278683045,0.8720535656733548,0.3616585675399432,-1.0,1.3070699352806603
0.1693067285503157,-0.4035151209123051,0.8981406074394327,1.0,0.23855640524700894,0.3487148820420843,-1.5717798028253338
0.24765620464390664,-0.10709576139427568,0.5048574568189117,-0.21990346166209385,0.14214059708281068,1.0,1.1588553579315526
0.01141687600008734,-0.7615905375887959,-1.0,-1.0,-1.0,-0.753687283878005,3.4671812029153646
0.5488394392368969,1.0,1.0,1.0,-1.0,-0.1086725877235436,1.6114765363103367
1.0,0.9656823125185672,0.4135324801098299,1.0,0.8549768398286652,0.07799061871569173,-3.036666620104853
-0.7560005646160628,-0.11646435829963442,0.26562775920135895,-0.6341268772142171,-1.0,-1.0,-0.18722129470873652
0.35809088329670746,-1.0,-1.0,-1.0,-0.6629265515974573,0.03264578542686891,1.845873964693325
0.5697571709627705,1.0,0.4881398920057376,0.38571808680278497,0.8621107895253732,0.47558588147661396,-2.2165483506103065
-1.0,-1.0,-1.0,-1.0,-0.22021395206190664,-0.17465778914824437,-6.61174786707104
-0.1862456726825642,0.7441282466072363,0.22617708036806772,0.8379625289984509,-0.42614762646659365,0.19036600121896557,0.4161222805149109
-0.7672805731972916,-0.4210748157260428,0.2576221446162077,1.0,-0.2358696016902344,-1.0,1.4276114864490435
0.08631656898772531,-0.8525234672989754,-1.0,-0.0598087209677155,-1.0,-1.0,3.5205884733725075
0.17751072855450356,-0.6489148924513208,0.5369386422356881,0.9553113396774817,-1.0,0.26592223957969185,2.0409604035965163
0.5568052941632771,1.0,0.602360921204738,0.8387445428478608,-0.43538444703137225,0.17419876011590119,-0.37631673826022416
-1.0,-0.5274755579871706,-0.35164693094477806,-0.5179174549019279,0.6404586758409248,0.18951591528997958,0.8258328095176632
-0.5478885450238447,-0.4470232379226995,0.663791525289618,1.0,-1.0,-0.8957823758146093,-0.5994034314491021
-0.16014842218842973,-1.0,-0.9483440700111019,-0.8702983365098869,-0.9940381009263793,0.3036311164605534,0.15843277658219213
-0.7400588620458954,-0.9275974279430346,-0.6623062931954617,-0.3929794824864319,0.22185076768821144,-0.3687643723393628,-1.2013040340093037
0.732117819769554,-0.1691597041212055,-0.7499271592743671,0.7550204122109756,0.061486604299466674,-0.2761161824225379,0.6083052196088263
-0.4815857514386829,1.0,-0.004328233259713377,1.0,-1.0,-0.5041823593162453,1.8310973310118803
0.9263799582260277,-1.0,0.4319958643850401,-1.0,-1.0,0.8015010876758863,12.21048459859181
-0.008548311654164253,-0.2913031723164178,-0.5091537980017027,-1.0,-0.9266157973555622,-1.0,2.63626583069899
-0.9528561361320578,-1.0,0.5633189211770746,0.06247484131761283,-0.6530780276874026,0.8824343848879264,-2.349988743614416
0.6853571173321784,1.0,-0.8425609632617274,0.028854333456417497,-1.0,-1.0,4.371839953997155
-1.0,-0.2851055057220715,0.3380902970885544,0.27528475319481177,0.05255790061696697,1.0,-0.77076617488898
-1.0,-0.3261808587144644,-1.0,-0.9390863645347042,1.0,0.8961334213447588,4.633226227220701
1.0,1.0,0.302953409999265,1.0,0.4405598970901801,0.03216285718080786,-0.9323961827533297
-0.6516771399300014,-0.11693403448582718,-1.0,-0.0671629955806623,-0.04090587777763349,-0.03662136802401035,0.47819584912195306
1.0,1.0,0.23420220472336128,1.0,-0.9244400826287594,-0.9968117079805416,11.517026157219382
0.8485416890165143,0.5235590791125271,0.12782064444098995,0.7682498789905245,1.0,0.9570275226894207,0.6913176616984026
0.7986770006525039,-0.6320364464901412,0.9854377017165554,0.6793980393970098,-0.063845862642675,-0.14816947864108443,1.3298545588127704
0.8175449373881276,-0.8875021327599766,0.08992786826227062,-0.13888598611461098,-1.0,0.34501775226567744,4.191905559549463
-0.2660970502686418,-1.0,-0.8545916957946799,0.1812219639880083,-0.017054993781276118,0.8840504556123016,0.9806450028149138
-1.0,-0.3161191695653278,-0.010159252796226426,-0.946612335651433,0.038569866131749286,0.29420688023342134,-1.074470885442817
0.805148702537816,0.13983597461057648,-0.1768299462094144,0.008263877300933586,0.47419603182531744,-0.2783423696736611,-0.9180157367482914
-1.0,0.16449354484577638,0.07480025855649367,0.3864100420921241,-1.0,1.0,-1.8011655780468787
0.9569950194417128,0.5348266456682691,0.4805474569569152,-0.32350218170650513,0.7708102715968643,-0.48391527283646296,-0.5681022810402355
-0.33484928551176274,-0.8739319500756564,-0.36811960833321744,-1.0,0.19341300088038893,1.0,-0.8386857662209097
-0.652984559175058,-1.0,-0.911993533629519,-1.0,0.13861831254795098,-0.31278641940330765,-3.832547463595716
-0.7534150803220703,-0.4708322392761379,-0.9234605086258643,0.30296323785696194,0.10254616649798787,0.19798803879041982,0.05823829894569299
-0.049780164001169025,-0.917102630969908,-1.0,-1.0,1.0,0.5448151075043126,-2.859495416105883
-1.0,-0.03448469505824492,-0.38552846223362014,-1.0,-1.0,-1.0,-1.4599009934368279
1.0,0.6391034399124527,-0.5590133044761642,0.04787391445048947,0.2233486154331643,-0.07212682288931327,-0.8324565407761271
0.2710462678471668,-1.0,-1.0,-0.8710394183262307,-1.0,-0.7557687440087018,4.2278515740181435
0.14414591541039717,1.0,-0.053932281836767904,0.17607409632759874,-1.0,-0.13776675367869462,-0.06837822227142443
-0.36112259058428964,-0.8478968743937507,-0.09352660276326541,-0.457127594062569,0.6047009668980273,0.03177674533326241,0.365556058706702
0.513729450315958,0.09837207788659796,0.6843350707656652,1.0,-0.945645973641828,-0.5786077123544023,3.3483429613127793
1.0,0.7563402591717949,1.0,1.0,-0.38794885233382437,-1.0,5.503965232149406
0.18682787724302286,1.0,1.0,0.7084768465463183,0.038306762376772996,0.3710102639970878,-3.910090048613539
0.37722616253986785,0.5591931258957252,0.06391461495704637,0.7301921090410427,-0.6041923133439704,0.3790043573320071,1.4868696385932147
-1.0,-1.0,-1.0,0.08135814096088867,-0.29167832154228457,0.6691718488088985,-1.6652156412887287
0.6412346005897884,1.0,1.0,0.2071200367636663,-0.43201016716729396,-0.3764817366684736,-1.1802465701706395
-1.0,-0.46441709311181967,-0.6306425808114104,-1.0,0.02040085334241426,1.0,1.0106756555435836
1.0,1.0,0.5843878491723533,1.0,-0.4876328610500518,1.0,2.6737246689444323
0.5894556142824263,-0.22579413223089095,-0.4851813225678341,0.5886545915442015,0.4746508787282172,0.2174903951009808,-0.18967727356784575
-1.0,-0.3822547477957452,-0.188226031026691,-1.0,-1.0,-0.9342420324250318,0.9310875812249175
1.0,1.0,1.0,-0.45537770058421795,1.0,1.0,-4.279455737239777
1.0,0.9823552180753643,0.2301034789445751,1.0,-0.024964103865959597,-0.5728616029594085,2.9104645477191498
0.11390501508039019,-0.4119316326177363,0.4002636732563497,-0.5053185213638112,-0.2899824705991688,0.029670061422200335,-0.9286645988263638
1.0,0.8060830777435366,0.07564301233239779,-0.6540413146006754,1.0,0.9182864862603388,2.411188219673274
0.7845365975459722,-0.2668551597365612,1.0,-0.1497772382147482,-0.16442358219930986,-0.5813524678328793,2.598556595614026
-0.7693669874592475,-0.2895010050000129,-0.28351408531137434,-0.06458240521667949,-0.03892833994109237,-0.2904639532799884,0.10696946347853095
-0.4654071005132166,0.4948207756927807,-1.0,-0.4306617571231349,-1.0,-0.30887306565865247,-2.1698068472538403
1.0,0.4876305891325483,0.4851519058108802,1.0,1.0,-0.4400174013869209,-2.0566382480649525
1.0,1.0,0.2597989625698056,0.8108308347890496,0.013919954161581816,0.9825215130449428,2.3604777498073246
-0.3295006050715475,-1.0,0.20823313123598383,1.0,0.9976006939755333,1.0,3.188211317632059
1.0,1.0,1.0,0.4760382836533751,-1.0,-0.6044410790977253,3.465612942671817
0.04785860785283526,-0.34110570980146726,1.0,-0.5803753314125906,1.0,0.3908760006216945,-1.9070184713994625
-0.9745025405259884,-0.16010245090939879,-0.44024912669684557,-1.0,-1.0,-0.9399764272824815,0.45742440129570483
1.0,-0.6540874535207062,-1.0,-0.8504797094969143,0.4411912483279532,0.3163538234381416,-2.3365022967458176
-0.9535890585330755,-0.5428621711682333,-0.2660722836363625,-0.6903600441264706,0.6092806355963903,0.4803265477773033,0.6350489204095784
-0.20389312864795262,-0.4193304333129837,-0.5959189949946586,-1.0,-1.0,0.5491228940204923,2.87187179854934
-0.7300121392819664,0.5528974732851841,1.0,0.05067741068788145,0.623165339126178,-0.4765858913096726,-0.6951256704967628
-0.5857381769881038,0.12373651502620109,0.8659849615532367,0.3032630893892252,-0.18803136930083353,-0.33983372494105657,0.013480201108429651
-0.647503818685319,0.6940928425697049,-0.5413938549699608,-1.0,-0.2605967590997403,-0.39384498593589695,-1.0020254862635
-0.0729528906018897,0.19776016498903326,1.0,0.9956543764720367,-0.29675434655576316,-0.4074541284335397,-0.4969062815563465
-0.14245046258292793,-0.4708975203500134,-1.0,-0.5544006930974137,-0.044449378696599595,-1.0,4.218200273491846
0.31462868084868145,0.9824707794721592,0.3227319150738025,1.0,-0.11691032394113843,-1.0,3.515776097820734
1.0,-0.2352921315899445,-0.32097018374438746,-0.1231410003934724,-1.0,1.0,6.872001215895839
-0.03996904585815031,-1.0,-1.0,-1.0,-1.0,-0.2567641471523973,2.621131052521771
-1.0,-1.0,-1.0,-1.0,0.8274874896331161,-0.013401944762431284,-7.908789406016639
0.08301923003231415,-0.00878422003246665,-1.0,0.11928559667700075,0.49507024214939166,-0.5359212107623033,-0.7659277648281881
-0.6359176652899206,-0.501346715720266,-1.0,-0.32138246630507,-0.03729738205502686,-0.2066361721885075,-0.34382531392509075
0.16536712434635886,0.3262173918341521,0.17954054835622305,0.08174795816755095,0.2479417210737398,0.3291344032041386,0.1302542460987108
-0.10859378825098664,-0.14300777050648,0.4459172765120048,-0.26487569872353056,0.5473137587936344,0.11554172354057271,0.3745586781933665
1.0,0.9720893642660596,-0.13453996090120277,0.1289129132091349,0.10144916310900215,0.8229250153367055,3.044629717708785
-0.8828905468692061,-0.8091893989566423,-1.0,-0.44593202703857937,-1.0,-0.5658349169691852,-2.5439788356816173
0.20473014384024432,-1.0,1.0,-0.5171677822201536,-0.6418706035562719,1.0,0.48236426091107587
0.6139682231470314,0.6250200597362094,0.5560928296033961,1.0,-1.0,-1.0,7.108053008798371
0.6029660921957648,-1.0,0.75519345072844,0.5377407181567806,-0.7360977866724103,-0.7712579067032547,5.982023344262205
0.4063108255743062,0.819026004838826,0.26414905133976163,-0.28573816415233233,0.41307862441234217,1.0,3.3043405778304304
1.0,1.0,-0.029112215108641815,1.0,0.1768815514069113,-0.9227486184923296,4.737129454520516
-1.0,-1.0,-1.0,-0.29635326913771953,1.0,0.9439410316243944,2.0803854038759337
1.0,0.0655959394093264,1.0,1.0,-0.6266347497930567,0.3101780439494211,1.2777463641847857
1.0,-0.8217288061557733,0.21204785875795185,0.3930207400113501,1.0,0.17451303881634406,-4.021192954864839
0.4442062510335282,0.23764241470029857,-1.0,-1.0,-0.257928837621322,-0.3295205030986803,-1.3173123902742725
-0.04239819610614526,-0.12187385419266661,-1.0,-0.9398061292122,1.0,0.37759809620117935,0.8553958668749094
-0.18545235710822644,-0.784178895565053,-1.0,-0.6350032524092437,-0.8647007355314817,-0.8801388590556662,1.111602163024521
-0.3835971637526867,-1.0,-1.0,-0.5028475006275579,0.21460279700892138,1.0,2.322584790894135
0.45684267631325665,1.0,0.8539473723801497,0.9782119110203668,0.49946381666844947,-0.6299615384644025,-1.7258622928009237
-0.08921303301435202,0.06628445625045803,0.07800079153806244,0.22901493453455402,-0.14739594126606437,-0.43340686812233775,0.8966855596164143
0.7447873728538648,1.0,-0.7657961320628397,1.0,-0.7745849983959923,-1.0,8.863624648062016
0.5539521798512573,0.21510567855068058,-0.6150646633997572,-0.2560807149441743,-0.09747107074253747,0.15389726018372052,0.10654747750592442
0.286290482903631,1.0,0.8013002834958316,0.3056877173650322,0.45454998753452713,-0.7244544181697634,-0.834866656770423
-1.0,1.0,-0.5081510883707383,0.16665431346261558,-1.0,0.35701262297611286,-0.5824795364518289
0.5028485036363433,1.0,0.5962974594073978,1.0,0.9663902784562096,0.794324783605693,-3.2956427701297226
-0.1283552104501421,0.30184825429281825,-0.8308851021081889,0.08869970268579672,1.0,1.0,6.893247918324393
1.0,-0.3383837845186991,1.0,-0.3435544780947653,-1.0,0.4571640919388846,4.145457365399947
-0.7081430332357617,-1.0,-1.0,-0.26049326791952354,0.3620165057214061,-0.5139021190066764,-2.6940758734121983
0.41981107980255405,-0.38794349673945017,0.7821403746003883,0.39014974281042847,-0.47263457111071827,-1.0,4.252945464991828
-0.05740189001134266,-0.7434071750026859,0.7920151076219626,0.37997608109811243,-0.9841083006704885,-0.559291281890166,2.1743428924104746
-1.0,-1.0,-0.6135234305972053,-1.0,-0.6663942972510251,-0.07165947776256223,-1.6963159209096266
0.4723492433439097,1.0,0.5770038047017668,0.2682621987045436,-1.0,-1.0,2.076096734418102
-1.0,1.0,0.22312395243089847,0.041019335545492974,-0.3792657399566107,-0.5023604340166259,-1.4262452569689925
0.09556367089641288,0.5366084853572164,0.5197125705487657,0.15526689089409146,1.0,1.0,2.1160177019058555
-0.5557782959297639,-1.0,-0.48998986033132214,-0.7339997755145291,-0.09876107781162113,-0.12957812028722684,-2.113905829823891
1.0,1.0,0.09147110254459956,1.0,-1.0,-1.0,12.277330100238704
0.49478966887444076,-0.5660517518904798,-0.46626692486015603,-1.0,-0.007042024530825863,0.07471556907390997,-0.07836098993862067
0.9102626076073933,-1.0,-0.6482966833454697,-0.8086133722677897,0.12983572718344655,0.8766195016253926,-2.328694339119015
-0.337914453233221,-0.8061705229026489,0.7213552569706245,-0.9905284148252242,-0.18480977815046806,-1.0,5.945324428550667
-0.6259020418265342,-0.8826171609459528,-0.9821162638651346,-0.09988026650470183,-0.038013266933894285,0.864952037097191,2.1864371683708925
-0.19066893637087146,0.6581420973846875,-0.972002431634438,-0.21754994091704782,-0.27984173829257175,-1.0,3.4927005990632995
0.7300028388433308,0.6854651700489498,0.4258793982574802,0.13803508105392215,0.3130101498177474,1.0,1.2012586953743731
0.2438203062671116,0.8980686310137549,1.0,0.7505573777232221,-0.0869960912287509,-1.0,0.32069467434150334
0.7520905011740529,-0.8887313209133509,0.6951147594453777,-0.18197432828023397,-1.0,0.06408659114282445,5.162307441211979
-1.0,-0.6517600754363084,0.2112317627916732,-0.2366852746832817,-0.5047043600220417,-0.06359744051205896,-0.49480501496637247
0.6412882878085482,0.4616457364464957,-0.362974502897147,0.6982423281894191,-0.05563860501730378,-0.4013538601061326,0.8338118784302966
-0.4746838958256915,0.22659433687533936,0.0351344420469869,0.32737512189120277,1.0,0.8760922758758964,4.855434046919484
-0.09855137795982571,-0.11026496798518555,-0.23473771363488038,-1.0,0.4726738483445417,-0.46860687718219207,0.7275152621505359
1.0,1.0,0.933395750629799,1.0,1.0,-0.40188115280965075,-5.040786903516236
-0.13450593325903776,0.4708957289231317,-0.03119044875099497,0.2516589356518727,-0.23400615977778338,-0.6214542164246213,-0.05195369440530384
-0.6030967450035056,0.46001446510458566,-0.7946967396039017,1.0,-1.0,-1.0,1.698230841152082
-0.7656852511694144,-0.5941585955044402,0.8169636690181178,0.7723452899797043,-1.0,-0.17409558768622047,-1.8098397448202765
-0.7246484834771938,1.0,0.053590717264173526,-0.2713177973911314,-1.0,-1.0,-2.599742130229718
0.03451544906372145,-0.23945772704595802,0.07022939542610074,-0.3814687030277272,-0.05000790342028638,1.0,2.2525296896049833
-0.7012481164463549,-1.0,-1.0,-0.006107200860981488,-1.0,0.4401694339700272,-4.448547745291703
0.46450848607950423,1.0,1.0,-0.6622671062704447,-0.5001853600949773,-1.0,-1.6762743885164428
-1.0,0.5965122796817499,-0.058395944584486714,0.048867516856361086,0.5598064681918673,1.0,4.5004492594294
0.6292084632879775,0.7974571832413389,0.4187918916016269,-0.7912343403481806,0.5226195313589277,0.046032891241760465,-0.44071114062428607
-0.4328915187863219,0.3041901870741709,-1.0,-0.48230193143878,-0.6916142019518747,0.7333128488702416,4.173062149824462
-1.0,0.6689222807746726,-0.9954780652077886,-0.18121671728385894,0.05033885351806694,-1.0,7.246465079221824
0.43195698360292567,-0.3954229791261107,-1.0,0.13859426241706585,-1.0,-1.0,3.0265988023521135
-0.24846483314271872,0.0862873193268654,-0.34929673107613035,-0.5933895484102134,1.0,1.0,5.7642546521724345
-0.4695072410659149,-0.38740331457598454,-1.0,0.3932080648117077,1.0,-0.5205400236587098,0.13649088503155743
0.32225468777057636,0.943401450477945,-0.9279379534881933,1.0,-1.0,0.06993100029638499,3.444044802429108
-0.34524778468604,-0.26786816038007427,0.1926313320792486,-0.49649789703260166,1.0,1.0,3.274936434346124
0.10601216751337739,1.0,0.7219984973349198,1.0,-1.0,-1.0,4.96624609032601
1.0,0.0902849271616204,0.1767526280190852,0.20078334610465265,-0.09962071751337676,1.0,2.9929596800256575
-1.0,-1.0,-1.0,-1.0,-0.07664280665587042,-0.09017167468800213,-6.846501190759549
-0.9123147309107218,-0.17196152268476617,-1.0,0.4648314632128545,-0.06122501310158307,-0.3277573919694305,-0.07235802702876037
1.0,1.0,0.2831891090461822,0.7709914585671058,-0.23133167275612568,0.4088728804746664,1.2112198245587438
1.0,0.19154030713804926,0.5788757362770025,-0.04866489906590704,-0.09446801542690533,0.31814270100600617,0.8385407797144226
-0.5286640683748087,-1.0,-0.6455168402436573,0.19022372510734775,-1.0,-1.0,-0.589758756105579
-0.3757634164661181,-1.0,0.07288015484840649,-1.0,0.7392804486491896,0.06756708639184425,0.37328571956589296
0.775486525772777,0.5751188380402545,0.4715941739284788,0.6544150559714859,0.464650159485745,0.6607455713990242,-0.5851011514449749
-1.0,-0.6344182590360412,-0.2580206300067506,-0.6362981527471707,-0.9074852726600801,0.9330186435714487,-0.8547790279024228
-0.22992696591319783,-0.20179487627134185,0.35433268053056394,0.6052527124143177,0.33724632894062667,1.0,2.515790376355172
0.231052473237293,1.0,0.00706824621307145,0.4735744436527867,-0.8762718165450774,1.0,5.535613793737486
0.06532701841730881,0.31841528268053193,1.0,0.492491604639746,-1.0,-0.10481510095206775,-0.9083203441551885
-1.0,-0.05095554673454994,-0.5594893465447606,-0.07918675316012913,1.0,0.9865900039901734,6.604863117360888
0.8661095570228704,-0.1910144949415038,1.0,-0.916774648738325,-0.9952169310054083,-0.1458469128337032,4.589981926267806
-1.0,-0.8094347803462465,-1.0,-0.1383127108519746,0.18270489194060668,0.10197774333017279,-2.3780411230723804
0.08721175801481867,0.2858000026270828,0.09621835430091324,0.47710115542484577,-0.7520960002808634,1.0,3.5360503732478454
0.3646835218805193,-1.0,-0.10747632836265242,0.2685729333106659,0.4096255226820358,-0.9036795112678613,0.15514105639461384
0.14775960911183483,0.08377037364011736,0.33455694814831316,-0.7279235785058877,-0.02967367052574313,-0.6601717210514304,1.3610874181753487
-0.773836451653954,-0.4713387520987922,-0.15697544890525028,0.4223086370052651,-0.9834723179096251,0.24303046834299996,-1.492572057997333
0.2101772877989112,-1.0,0.6018089892961744,0.1609739249522127,-1.0,0.5052802691238542,2.412680564483288
-0.5071140336021293,0.052511239417241784,0.262080198101725,-0.35532470610027433,0.05066006792710309,0.3960224356139891,0.9670454905293396
-0.26967395495109525,-1.0,-0.5783154197345147,-1.0,0.4492202527944438,1.0,-0.6553430508502023
-0.36817444049854386,-0.5902779804165561,-0.48020753389418414,-1.0,1.0,0.1785800827121775,1.4836792697274086
0.6668552681096703,-1.0,-0.9781712611696635,0.661506232472113,-1.0,-1.0,3.5229127836373606
-1.0,-0.9609377917430877,0.6761096612439583,-0.5922718985973897,-0.00733040772128235,0.20521095982291546,-0.5776887766058647
0.22340433295086592,-1.0,0.04348562450003929,-0.4672190051862021,-1.0,-1.0,7.150724311059208
-1.0,-0.2804422906375583,-0.9791511061389555,-0.10870004377550124,0.9789605332106314,1.0,8.05957762856332
-0.0938419504053622,1.0,0.3836441616852706,0.6196898466267136,0.965719426194753,1.0,3.6107910098431986
1.0,0.6051868049006306,0.8749776476816191,1.0,0.43026635988351264,0.0519651588176252,-2.8009811002828444
-0.8429231396224109,-0.31793992766716944,-0.5525378821717858,0.4378224112593362,0.6919206758908765,0.09606589344112909,1.4437215145923021
-0.3090178668805622,0.7447216394742819,-1.0,-0.18353047426789626,1.0,1.0,12.67093661638003
-0.731589722657887,0.7896781464109426,-0.2640921990956297,1.0,0.15775356509063831,0.9213953674337247,0.8878770978892653
0.45571466129021787,1.0,1.0,0.8427472725259191,0.101488149825871,1.0,-4.954413260784524
0.9973888237523337,1.0,-0.5198968533947612,-1.0,-0.15711852217921662,-0.5020264357757562,2.493774943339041
-0.8952349894421661,-0.3326903198315574,-1.0,-0.9509174177141688,-0.4552395758218548,-1.0,3.9980044268998283
-0.058180220926943305,-0.7502351208931655,-0.6732973110916632,-0.8735605256461713,-1.0,-0.06991482928915693,2.268200182100361
1.0,0.42497236112395753,1.0,0.8710869029849446,0.3108158436123807,-1.0,0.8310070737747814
-1.0,-0.7283735434782538,-1.0,-0.3883769739974705,0.2146176727971154,-0.29900718023568523,-2.5763699931448985
-0.17179064891284335,-0.3197775275539996,-0.1569728099535701,-1.0,-1.0,-0.7270624835709079,2.6491698521871605
-1.0,-1.0,-1.0,-1.0,0.45219974979953115,0.20237995124774455,-8.01410402051159
-0.9182616926767396,-0.8224903160802496,1.0,-1.0,-1.0,-1.0,4.068009470346678
0.29982895899342676,-0.4813160752357687,-1.0,-0.20993715343754005,0.8806371238599711,0.845649090240904,2.663951278238485
0.453058228298165,-0.59905999967406,1.0,1.0,1.0,1.0,-2.9580813163557607
-0.8965046126904304,-0.3787880669690433,-0.36114307646124266,-0.38090982247296346,-1.0,0.9008842911070472,0.0033276384144881876
-1.0,-0.21338146013083925,-0.9653574326889764,-1.0,-1.0,0.4993804269859491,-0.39547992134942345
-1.0,-0.4327859362160319,-1.0,-0.5039585577897455,-0.2801560449521877,-0.6240176780448958,0.5790373811550027
-0.29187550578985355,1.0,0.9438202956918504,0.30733208117958033,0.559610889809112,-0.4634866980606618,-2.46287479729304
-1.0,-1.0,-1.0,1.0,-1.0,-0.26845211603261876,-8.000106552737787
-0.03189639522531873,0.12575649031111202,1.0,-0.23340966236012514,1.0,0.6350024102467104,-1.8273487489410654
0.15236543890292498,-0.09685646363122691,-1.0,-0.21803335962629,-0.8932369863580514,-0.46511783982007526,0.36672954184354334
1.0,1.0,0.3033345513494661,0.5638284237389052,0.4983376016571734,1.0,0.3419148262512152
1.0,0.37691420138973186,0.7990852487041579,0.7518082342986147,0.4138433806868186,-0.6650949886310616,0.6399328989871185
-1.0,-0.6278071820085255,-0.5936132930610376,-0.2630083873471292,0.27929662645294806,-0.8878961808765525,4.275760257830128
1.0,-1.0,0.9039863007527842,-0.07036369277708054,1.0,-1.0,1.4682822626603187
1.0,0.16305176300835061,1.0,0.6406432573581767,-0.6465761208903116,-1.0,6.795306314146322
-1.0,-1.0,0.6276234024067572,-0.999184095036783,-0.612754317407882,-1.0,5.930046763209108
-1.0,-0.13059350357730626,0.9221935751715756,-0.11667539616053521,-0.4017995845040403,-0.9154874277446874,1.0568169662987843
-0.27665482655402474,-0.454655077260541,-0.13028038256335228,-0.23001572254763225,-0.7208751138963247,-0.7877105620422109,0.9982629920814994
1.0,0.07010106800237792,0.379616668100744,1.0,1.0,0.748922979290356,-1.462981187753858
-0.08042374174694977,-1.0,-1.0,0.46228446665010103,-0.41337641168367156,-1.0,0.3619916262969906
-0.07609738586511383,-0.7776188563125992,-0.3244398053504346,-0.1388072003123876,0.13133406856548868,0.2557114593999188,-0.32468807329512983
-0.48511617360104153,0.3653847657053766,-1.0,-1.0,-1.0,-0.6411001067093409,-1.7177475609845616
0.3621534817976799,0.8397086059531589,-0.3503987849712469,0.08924232932194553,1.0,0.6723436490006012,2.6493525693519513
-1.0,-1.0,-0.015119533028819632,-0.30367435965694356,0.3021987401494294,-0.16864411089803377,1.4449835681132401
1.0,1.0,1.0,0.7221512046075778,-0.835579381910349,-0.8339641722533081,6.1009561484935455
-1.0,0.22792571590403354,-0.6556038660914598,-1.0,-0.1391633943693264,-0.5781341625525095,0.05323249641799965
0.5619150427172058,0.5757308102327643,-0.6031489398217658,1.0,0.2892821731766262,1.0,3.367888487044955
0.45554850675234926,0.45968111213261054,1.0,0.9772533648171541,-0.8908933053343566,-0.10086238904025013,0.7375949630220192
-0.3446411941495099,-1.0,1.0,1.0,0.992038949544259,1.0,0.5996937032051969
-0.9227404269102706,-0.45180994893046234,0.2176134474417577,0.56309316057397,0.7829112987883007,-0.4677511478731162,3.1907331834643275
-0.5606745671381519,-0.9890349760310598,-1.0,-0.6251987886617525,1.0,0.46084343061107313,-4.381384269944168
-0.2509017625034842,-0.4620858426884947,-0.5658535514983797,-1.0,1.0,0.6570154804311107,2.034952005792008
-0.54951149655022,0.255947546981477,-1.0,0.4120944748091391,-0.4239499444103054,0.18747787039217434,-0.6456731306409484
0.21900059462795152,0.004548005194292548,0.7805899058224434,-0.3992921529676245,-0.9926782608823339,0.2242209360943166,-0.23643196735708835
0.9966406544012181,0.05240237448762014,1.0,0.008171951577684244,0.8173640162445855,0.2546754440411152,-3.6737522688779713
0.5604324168683876,0.06095226917997143,1.0,-1.0,0.8167494857123844,1.0,-4.527932775999697
-0.7805152339031909,-1.0,-0.47096513297454123,-1.0,-0.5535185633839781,-1.0,3.8549702559912675
0.5152812553534503,0.3950464097891909,-0.5175975792369011,-0.48745721304474143,1.0,0.36898826945915886,0.5114733274550644
0.44479451733808134,-0.28018153610121677,-0.016762693532345718,-0.13500592720374438,0.6179367406006683,1.0,0.6784659213524007
0.030372445613867087,0.028128915380699393,-1.0,-0.40567292738468685,0.5839388739887299,0.7480814679389463,2.70790194872234
-0.37565292249848137,-0.7861327357135465,-1.0,-1.0,-1.0,-1.0,4.590293247274724
-0.219272680135834,-1.0,-0.48315801071623754,0.26156534585006763,0.6574094034951105,0.835997118060716,0.945932454323271
1.0,1.0,1.0,0.9007694232512236,-0.675029240278672,-1.0,6.550016050966537
0.33112937406354404,0.18202417385862057,0.41461746001926114,0.4138551187556525,0.7885062486733854,0.6860612190830373,-0.06354182646615764
0.9922980632677161,1.0,0.9220749438733719,1.0,-0.16573157668390065,-0.827584412146153,2.4671847898770576
-0.15479686765203202,0.04612767907878998,-0.5274180002318936,-1.0,-0.6686436185261275,-0.3318010129949024,0.5068726472355716
-0.6308899415666285,-1.0,0.48392468477559336,-0.008094240479830539,1.0,1.0,4.118573671511027
-0.07211685819421532,-0.15970750072924822,-0.3642648523308887,-0.23628132156732656,0.3240759103246813,1.0,4.367113644001736
1.0,0.757313029851697,0.525855786758767,1.0,0.07879654193140276,-0.21907423979384036,0.50409551776688
0.9059970242123204,-0.16225236412324195,-0.01997465615824462,0.06819727326396563,-0.04813758894678577,0.31588198320114924,0.6091520356246476
-0.3960861524942908,-0.5592284027667808,0.935499533379849,-1.0,0.31797759658383895,-0.8469636356722254,3.551734762762469
0.016445423999059572,-1.0,0.011543046688481717,-0.02064582871014431,-0.5620023274918884,0.6816882828050942,0.9214832565645542
1.0,0.5953172387032808,0.4924993757767685,0.8558955699292812,-1.0,0.2602521927511763,2.739316415971218
-1.0,-1.0,-0.5914330386754043,-0.5201043471178576,0.47164344679662307,-0.4589278374199055,0.2546396255825274
-1.0,-0.5519302495526621,-0.9777576425365663,-0.39285977194755284,0.8465298895584308,0.5509573408906561,0.4862807022477479
-0.0014548551523535513,0.16755804320842527,-0.05738718519846203,0.8768764355143727,0.32772898247106064,1.0,3.1296157405901512
-0.8204903018905164,0.7642700754714036,0.7320039576791054,-0.4747006883398612,0.7922886709046463,0.04525704605306724,0.3022815229758721
1.0,1.0,0.4339052629247172,0.7289263859992298,0.41853153780326763,1.0,-1.0819435326267264
-0.8442117645586399,-0.6774504741616567,-0.948707468264959,-0.08198562546414068,0.04927295817515215,-0.7589216505675954,2.044615256853245
0.9617906783667762,1.0,0.6794077159608938,0.506650602915075,1.0,0.666295615020083,-4.698751684047622
-1.0,-1.0,0.5100041648345517,-1.0,1.0,1.0,1.3866698444438164
-0.7443713401045711,-1.0,-1.0,-0.7193412645344486,-0.7617276924000052,-1.0,2.82080703662865
0.727410301113773,-0.1761029542635527,-1.0,0.4379593225281794,1.0,0.4152758767635436,-2.524564869543732
0.530760253232254,-0.883384794507811,-1.0,-0.13856853077301112,-1.0,0.38646692067700195,1.8064741623195333
-0.018554958867342597,-0.22457566490197206,1.0,-0.9359724258702394,0.6115440583860898,0.6253902893767683,-3.554017462666592
-0.7701753461370955,-0.5087041692454106,-0.2729481326488996,-0.06560429331636175,-1.0,1.0,0.49568618940334297
-0.2612382298147423,0.4199177094068314,1.0,0.6200236829611105,0.33286907019571044,1.0,-1.175974151840636
0.17187893561581769,0.18095383023462797,1.0,1.0,0.792064985562899,1.0,-2.0842045960140325
-1.0,-0.1677159844250945,0.12180443338810287,1.0,-0.15968263635239127,-0.2942876928231877,1.541546358076776
-0.5495987287732662,-1.0,-1.0,-0.7152239018409183,0.5368798850249901,0.4042469517732419,-4.380738333043102
-0.01640864725703506,-1.0,-1.0,-1.0,1.0,1.0,-2.334246145939086
-0.344466044029648,-0.6856715515704965,-1.0,-0.1120350623794878,-1.0,0.584212606823976,0.2937795580173446
0.418012924487366,-0.26543220164698544,0.5783249262755557,-0.6618916413204872,0.19223481684923788,-1.0,4.151952360867006
-1.0,-0.06888249868246776,-1.0,-1.0,-0.6193352485656491,0.4409999512305787,-1.4634239163449545
-0.5862249681219418,-0.3570729217617483,0.9541690152657673,0.12277965431010694,1.0,0.8662072442829081,-0.2780960472052763
0.8679600621154844,0.08031819153265547,-1.0,0.9148387715498641,-0.9218283887145375,0.2544423011432765,3.9127478998171297
0.13466079686989874,-0.41872153027286824,1.0,1.0,1.0,1.0,-1.569192686415327
0.8204935851724835,-1.0,-0.9131820405298565,0.013630353671371331,-0.5457570538999374,-0.7733909324824314,2.103512115883714
-0.5379960609555836,0.436415573028923,0.8188806882812675,0.7758801768532824,0.8152354116582434,-0.11606568929685501,-0.2281017833131962
0.20264852066305983,-0.33857240529972676,-1.0,-0.15745362768041682,1.0,1.0,5.308753494455563
0.7270850037341114,-1.0,-0.7093029898756082,-0.5438588386757721,0.03701340274196574,-0.037836959697685746,-1.2206579139893763
1.0,0.2598172331402549,1.0,1.0,-1.0,-0.36430895649724937,5.548691557068605
-1.0,-0.4743070111975278,0.9509580686329006,-0.1359587569766707,-0.6175287031572453,-0.89122104992702,1.1936158489029178
0.9449183478532803,1.0,1.0,1.0,-0.17389779260024452,0.5171246959573571,-2.5159920638727358
-0.5283173946819063,0.28869371008709593,1.0,-0.46386614510768787,0.7779911075874657,-0.3046208216897541,0.04904745727699222
1.0,0.20743950395564825,1.0,0.39637570335107775,-0.1458757432107387,0.38204393019080196,-0.1344070485029246
-1.0,-0.5584198800272309,0.29523218335660223,-0.7488632342266676,0.8769836274078169,-0.03674619334703144,2.87641127858322
-0.3556577335603207,-1.0,0.02859050244573591,-1.0,1.0,-0.03903473445204986,1.6964491238466977
0.9697655443406792,0.06575762347801395,-0.1062282631640108,0.7548773852098503,0.08351744966017866,0.24704577081034185,-0.08454015552175315
0.14306773738082007,-0.7309783679593066,-1.0,-0.7490402211371119,0.5306832049695133,-0.10092914234726846,-2.0408544785283675
-1.0,-0.12118782069143824,-1.0,0.9953488678984233,0.0075980074729169456,-0.4388147236345425,-1.7186596371300429
-0.6911272112057025,1.0,1.0,1.0,-0.25952124650979114,-0.0808517283553234,-4.2673121431834415
-0.34190804363195837,0.7397462095487235,0.9994919502540341,-0.49058150680019064,1.0,-0.3010479767215416,0.15510769567580884
-0.18720278017698247,-0.4364823155130917,-1.0,-1.0,0.17323558995044663,1.0,3.1761878912239943
-0.8252950726812578,-0.0913482973444043,0.8541927636181218,-0.18205800957800838,0.4264527882738646,0.47265867926720706,-0.5888863436808461
0.17735932034343516,0.6111052281774113,-0.4752666701047866,-0.504373115836175,0.8497120261472297,-0.3030126120339143,-0.038089908208267076
-1.0,-0.15631969277129842,-0.05869978653120489,-1.0,-0.06390760401651807,-0.5216941599718069,0.13021842349237123
-0.2843370244015413,1.0,-0.08538091452316171,0.5372527651846508,0.21092091522882161,1.0,2.9720635448787576
1.0,1.0,0.8058053578652751,-0.4249627506368325,0.19696040209446375,-0.9677658021845259,0.11551046823114947
-1.0,-1.0,-0.12077457921329637,-0.6336415885555244,0.40772814348842623,0.18620509262520812,-0.8427204318951058
-1.0,-1.0,0.07207941509801968,-1.0,-0.6233481824264021,-0.2487110313923011,0.9678818668400604
0.6649849458329586,-0.9366861403953948,-1.0,1.0,-0.4552146909291569,-0.02389044890580637,0.2047144993796528
0.960792356710847,0.5812216896635838,0.11357455469419475,1.0,1.0,1.0,1.245715564681744
0.3079877019672059,-0.558959132116844,0.001631775870018226,0.1664684032506457,-1.0,-1.0,3.9397263625161667
-1.0,-1.0,-1.0,-1.0,0.6743003649483491,-0.6209907082871795,-3.60647375936189
1.0,0.43449295284151823,-0.23010174872918276,1.0,0.05775479945764467,-0.6988732062412767,2.436149305914208
0.15580255678647192,-0.5889086528233063,0.011197236270966804,-0.6440642727029963,-0.6766070453852954,0.3968045007657702,1.3869758715526597
-0.4560991782392696,0.2574837902535839,1.0,-0.42138491420230517,1.0,1.0,-0.5683201856836715
-0.7611288707908943,-0.2421144531832014,0.3942082279499357,-1.0,-1.0,-0.3714954790259679,2.0996781296036113
0.8532802784609537,0.5547617032565447,0.2633731292561169,1.0,0.8866602017205389,0.2727845222276334,-1.8706138418600067
-0.9183712730485403,-0.9501113295556245,-0.7254591799047314,-1.0,0.23994377516752707,0.02925766859804263,-4.012600963159362
-1.0,-1.0,-1.0,-0.2343862670512895,1.0,0.5086519966764851,-3.480663433930599
-1.0,-1.0,-0.275304890745816,-0.21619633557587303,-0.9038215319306485,-0.7582037949426677,-0.13575220500618856
-0.3849628096475044,0.0834008237588828,0.17825276555355885,-0.6781629394634738,0.048517460918471034,-0.19352347930706842,0.6404479205267736
1.0,0.25326519973550354,1.0,1.0,0.12585754033688146,-0.4527550029647334,1.4233215728678323
-1.0,-0.5882293587263836,-1.0,-1.0,1.0,-0.09080210827925705,-3.5978754839082328
1.0,0.6001778194371095,-0.21088987457342867,1.0,-0.16383714969230934,1.0,3.6337610951815007
-1.0,-0.06258168083400781,-0.5448138445055248,-0.2215096378692234,-0.6600873829338996,-0.5195058377634352,-1.3608360254321379
0.6483499376812816,1.0,0.1482772718130354,-0.46724060699993086,0.3179612510633123,1.0,4.350272884296907
-1.0,-1.0,-0.6391678488577424,-0.5322506553456756,0.3954286517431813,0.9204800645884306,-1.1123876993824289
0.6986395666377254,-0.9880731148212474,0.12352068506479363,-0.7181840992265749,-1.0,-1.0,11.763923742458966
0.24026308549656014,0.9418837822917545,-0.332374481723367,-0.4462947424159842,-0.6566226084804248,0.8080785315229022,6.265497463264326
0.3951725456934436,0.11245154432758747,-0.1528766022857604,0.4556431590778447,-1.0,-0.4992102212742686,2.0122347719761238
0.16856054031790424,1.0,-0.5980257636398489,1.0,1.0,-0.29032463870204456,-0.749080027046068
-0.1090708578572073,-1.0,-0.5625923474634444,0.11520962516529323,0.8829744057824642,0.2799037563839738,-1.4598467175788803
-0.3471470984500028,-1.0,-0.4212848437721599,-0.6060675958281165,0.006879944137607175,0.5537901216994917,-0.7923576813560538
0.02405469597017751,-0.047877185405236056,0.32244040645443817,0.02719488619700461,1.0,1.0,2.307224567314977
1.0,0.0579380454095888,1.0,0.9526127704355967,-1.0,0.4965074075427149,2.651606198393914
0.2996415235093527,-0.10932902225577334,-0.12284999860607199,1.0,-0.34207910740416486,0.6537319930575061,2.2046496504496638
0.9088380171435156,1.0,1.0,1.0,0.10661662760237967,1.0,-5.613015327559038
-1.0,-1.0,-0.6077220328758107,-0.3812634488753319,-0.6189414915635312,-0.8604598402045123,0.19126181511559837
1.0,1.0,1.0,0.5675330906155911,-1.0,-0.11372523645097132,2.3367560417634103
